OpenTime,Position,Symbol,Type,Volume,OpenPrice,S / L,T / P,CloseTime,ClosePrice,Commission,Swap,Profit,Comment,_open_dt,_close_dt,_pnl,_strategy,_hold_minutes,CumPnL,Equity,Drawdown_pct
2025.12.26 01:09:06,1381439207,XAUUSD,sell,0.06,4 523.31,4 515.90,4 507.31,2025.12.26 01:21:52,4 515.67,-0.42,0,45.84,Inv_ATRtrail_pen,2025-12-26 01:09:06,2025-12-26 01:21:52,45.84,ATR-Trailing STRAT,12.766666666666667,45.84,10045.84,-0.0
2025.12.29 00:28:12,1383660283,XAUUSD,buy,0.13,4 483.78,4 478.16,4 493.12,2025.12.29 00:30:14,4 477.08,-0.92,0,-87.1,Inv_ATRtrail_pen,2025-12-29 00:28:12,2025-12-29 00:30:14,-87.1,ATR-Trailing STRAT,2.033333333333333,-41.25999999999999,9958.74,-0.8710000000000038
2025.12.29 00:28:12,1383660317,XAUUSD,buy,0.05,4 483.88,4 465.77,4 503.09,2025.12.29 00:40:55,4 503.12,-0.36,0,96.2,Inv_Chandelier_p,2025-12-29 00:28:12,2025-12-29 00:40:55,96.2,Chandelier STRAT,12.716666666666667,54.94000000000001,10054.94,-0.0
2025.12.29 13:15:22,1384908225,XAUUSD,buy,0.09,4 455.44,4 454.89,4 466.85,2025.12.29 13:20:02,4 454.51,-0.64,0,-8.37,Inv_ATRtrail_pen,2025-12-29 13:15:22,2025-12-29 13:20:02,-8.37,ATR-Trailing STRAT,4.666666666666667,46.570000000000014,10046.57,-0.083700000000008
2025.12.29 13:57:25,1385017115,XAUUSD,sell,0.07,4 416.23,4 416.36,4 402.00,2025.12.29 14:03:24,4 401.92,-0.5,0,100.17,Inv_ATRtrail_pen,2025-12-29 13:57:25,2025-12-29 14:03:24,100.17,ATR-Trailing STRAT,5.983333333333333,146.74,10146.74,-0.0
2025.12.31 14:00:10,1389017443,XAUUSD,sell,0.13,4 348.52,4 355.02,4 340.54,2025.12.31 14:02:04,4 340.52,-0.92,0,104.0,Inv_Chandelier_p,2025-12-31 14:00:10,2025-12-31 14:02:04,104.0,Chandelier STRAT,1.9,250.74,10250.74,-0.0
2026.01.05 08:45:22,1392950496,XAUUSD,sell,0.21,4 431.72,4 428.11,4 426.74,2026.01.05 09:03:25,4 428.13,-1.48,0,75.39,Inv_Chandelier_p,2026-01-05 08:45:22,2026-01-05 09:03:25,75.39,Chandelier STRAT,18.05,326.13,10326.13,-0.0
2026.01.06 10:09:28,1395236532,XAUUSD,sell,0.18,4 449.55,4 454.57,4 444.01,2026.01.06 10:36:51,4 454.72,-1.26,0,-93.06,Inv_Chandelier_p,2026-01-06 10:09:28,2026-01-06 10:36:51,-93.06,Chandelier STRAT,27.383333333333333,233.07,10233.07,-0.930599999999995
2026.01.06 15:22:29,1395819040,XAUUSD,buy,0.1,4 476.14,4 466.73,4 485.97,2026.01.06 15:34:27,4 466.76,-0.7,0,-93.8,Inv_Chandelier_p,2026-01-06 15:22:29,2026-01-06 15:34:27,-93.8,Chandelier STRAT,11.966666666666667,139.26999999999998,10139.27,-1.8685999999999876
2026.01.07 06:46:23,1396964633,XAUUSD,sell,0.13,4 443.42,4 450.79,4 435.57,2026.01.07 06:52:19,4 450.77,-0.92,0,-95.55,Inv_Chandelier_p,2026-01-07 06:46:23,2026-01-07 06:52:19,-95.55,Chandelier STRAT,5.933333333333334,43.719999999999985,10043.72,-2.8240999999999983
2026.01.07 06:46:32,1396964370,XAUUSD,sell,0.13,4 444.28,4 446.09,4 437.60,2026.01.07 07:01:03,4 446.05,-0.92,0,-23.01,Inv_ATRtrail_pen,2026-01-07 06:46:32,2026-01-07 07:01:03,-23.01,ATR-Trailing STRAT,14.516666666666667,20.709999999999983,10020.71,-3.0542000000000007
2026.01.07 09:07:59,1397141591,XAUUSD,buy,0.22,4 460.74,4 456.64,4 465.10,2026.01.07 09:11:54,4 465.26,-1.54,0,99.44,Inv_Chandelier_p,2026-01-07 09:07:59,2026-01-07 09:11:54,99.44,Chandelier STRAT,3.9166666666666665,120.14999999999998,10120.15,-2.0597999999999956
2026.01.07 09:08:03,1397141573,XAUUSD,buy,0.23,4 459.79,4 459.55,4 463.84,2026.01.07 09:10:56,4 464.16,-1.62,0,100.51,Inv_ATRtrail_pen,2026-01-07 09:08:03,2026-01-07 09:10:56,100.51,ATR-Trailing STRAT,2.8833333333333333,220.65999999999997,10220.66,-1.0546999999999935
2026.01.08 12:06:46,1399453086,XAUUSD,sell,0.1,4 416.06,4 412.50,4 405.06,2026.01.08 12:17:35,4 412.59,-0.7,0,34.7,Inv_Chandelier_p,2026-01-08 12:06:46,2026-01-08 12:17:35,34.7,Chandelier STRAT,10.816666666666666,255.35999999999996,10255.36,-0.7076999999999862
2026.01.08 12:06:46,1399453040,XAUUSD,sell,0.23,4 416.16,4 416.32,4 411.84,2026.01.08 12:15:08,4 412.01,-1.62,0,95.45,Inv_ATRtrail_pen,2026-01-08 12:06:46,2026-01-08 12:15:08,95.45,ATR-Trailing STRAT,8.366666666666667,350.80999999999995,10350.81,-0.0
2026.01.08 12:35:20,1399513681,XAUUSD,buy,0.17,4 422.90,4 426.33,4 428.78,2026.01.08 12:41:10,4 428.87,-1.2,0,101.49,Inv_Chandelier_p,2026-01-08 12:35:20,2026-01-08 12:41:10,101.49,Chandelier STRAT,5.833333333333333,452.29999999999995,10452.3,-0.0
2026.01.08 13:05:19,1399564502,XAUUSD,buy,0.13,4 422.41,4 425.58,4 430.12,2026.01.08 13:18:38,4 425.42,-0.92,0,39.13,Inv_Chandelier_p,2026-01-08 13:05:19,2026-01-08 13:18:38,39.13,Chandelier STRAT,13.316666666666666,491.42999999999995,10491.43,-0.0
2026.01.08 13:05:27,1399564478,XAUUSD,buy,0.13,4 421.42,4 424.29,4 429.10,2026.01.08 13:20:37,4 429.09,-0.92,0,99.71,Inv_ATRtrail_pen,2026-01-08 13:05:27,2026-01-08 13:20:37,99.71,ATR-Trailing STRAT,15.166666666666666,591.14,10591.14,-0.0
2026.01.08 17:02:04,1400149782,XAUUSD,sell,0.21,4 465.13,4 461.60,4 460.15,2026.01.08 17:05:39,4 459.83,-1.48,0,111.3,Inv_Chandelier_p,2026-01-08 17:02:04,2026-01-08 17:05:39,111.3,Chandelier STRAT,3.5833333333333335,702.4399999999999,10702.44,-0.0
2026.01.09 13:35:14,1401680645,XAUUSD,sell,0.05,4 488.07,4 483.07,4 468.42,2026.01.09 14:06:25,4 483.44,-0.36,0,23.15,Inv_Chandelier_p,2026-01-09 13:35:14,2026-01-09 14:06:25,23.15,Chandelier STRAT,31.183333333333334,725.5899999999999,10725.59,-0.0
2026.01.09 13:37:55,1401680630,XAUUSD,sell,0.05,4 489.48,4 484.91,4 469.37,2026.01.09 13:53:06,4 484.89,-0.36,0,22.95,Inv_ATRtrail_pen,2026-01-09 13:37:55,2026-01-09 13:53:06,22.95,ATR-Trailing STRAT,15.183333333333334,748.54,10748.54,-0.0
2026.01.09 13:42:24,1401711007,XAUUSD,buy,0.08,4 485.20,4 483.73,4 497.12,2026.01.09 13:48:04,4 483.64,-0.56,0,-12.48,Inv_Chandelier_p,2026-01-09 13:42:24,2026-01-09 13:48:04,-12.48,Chandelier STRAT,5.666666666666667,736.06,10736.06,-0.12480000000001383
2026.01.09 14:12:45,1401803136,XAUUSD,buy,0.09,4 492.78,4 493.15,4 504.50,2026.01.09 14:40:56,4 493.58,-0.64,0,7.2,Inv_Chandelier_p,2026-01-09 14:12:45,2026-01-09 14:40:56,7.2,Chandelier STRAT,28.183333333333334,743.26,10743.26,-0.05280000000000655
2026.01.09 14:13:33,1401803021,XAUUSD,buy,0.09,4 491.74,4 491.99,4 503.61,2026.01.09 14:29:12,4 491.93,-0.64,0,1.71,Inv_ATRtrail_pen,2026-01-09 14:13:33,2026-01-09 14:29:12,1.71,ATR-Trailing STRAT,15.65,744.97,10744.97,-0.035700000000015275
2026.01.09 14:50:46,1401921259,XAUUSD,buy,0.08,4 481.71,4 488.24,4 495.20,2026.01.09 14:52:51,4 488.13,-0.56,0,51.36,Inv_Chandelier_p,2026-01-09 14:50:46,2026-01-09 14:52:51,51.36,Chandelier STRAT,2.0833333333333335,796.33,10796.33,-0.0
2026.01.09 14:50:59,1401921228,XAUUSD,buy,0.08,4 480.80,4 488.50,4 493.95,2026.01.09 14:56:57,4 493.98,-0.56,0,105.44,Inv_ATRtrail_pen,2026-01-09 14:50:59,2026-01-09 14:56:57,105.44,ATR-Trailing STRAT,5.966666666666667,901.77,10901.77,-0.0
2026.01.12 00:43:08,1403262927,XAUUSD,sell,0.1,4 590.13,4 599.75,4 579.93,2026.01.12 00:55:11,4 599.22,-0.7,0,-90.9,Inv_Chandelier_p,2026-01-12 00:43:08,2026-01-12 00:55:11,-90.9,Chandelier STRAT,12.05,810.87,10810.87,-0.9089999999999965
2026.01.12 00:43:19,1403262897,XAUUSD,sell,0.27,4 590.79,4 594.52,4 586.92,2026.01.12 00:47:21,4 594.78,-1.9,0,-107.73,Inv_ATRtrail_pen,2026-01-12 00:43:19,2026-01-12 00:47:21,-107.73,ATR-Trailing STRAT,4.033333333333333,703.14,10703.14,-1.9863000000000102
2026.01.12 08:28:46,1403923466,XAUUSD,sell,0.22,4 583.40,4 583.21,4 578.52,2026.01.12 08:31:13,4 583.17,-1.54,0,5.06,Inv_Chandelier_p,2026-01-12 08:28:46,2026-01-12 08:31:13,5.06,Chandelier STRAT,2.45,708.1999999999999,10708.2,-1.935699999999997
2026.01.12 08:29:35,1403923461,XAUUSD,sell,0.09,4 584.09,4 595.44,4 572.74,2026.01.12 08:50:37,4 595.44,-0.64,0,-102.15,Inv_ATRtrail_pen,2026-01-12 08:29:35,2026-01-12 08:50:37,-102.15,ATR-Trailing STRAT,21.033333333333335,606.05,10606.05,-2.9572000000000114
2026.01.12 13:04:59,1404340798,XAUUSD,sell,0.14,4 596.16,4 603.37,4 588.63,2026.01.12 13:08:17,4 603.56,-0.98,0,-103.6,Inv_Chandelier_p,2026-01-12 13:04:59,2026-01-12 13:08:17,-103.6,Chandelier STRAT,3.3,502.44999999999993,10502.45,-3.9931999999999968
2026.01.12 13:05:08,1404340785,XAUUSD,sell,0.35,4 597.00,4 599.87,4 594.15,2026.01.12 13:07:57,4 600.23,-2.46,0,-113.05,Inv_ATRtrail_pen,2026-01-12 13:05:08,2026-01-12 13:07:57,-113.05,ATR-Trailing STRAT,2.816666666666667,389.3999999999999,10389.4,-5.123700000000008
2026.01.12 13:11:52,1404367327,XAUUSD,sell,0.1,4 604.80,4 614.49,4 595.31,2026.01.12 13:48:05,4 614.42,-0.7,0,-96.2,Inv_Chandelier_p,2026-01-12 13:11:52,2026-01-12 13:48:05,-96.2,Chandelier STRAT,36.21666666666667,293.19999999999993,10293.2,-6.0856999999999974
2026.01.12 13:12:29,1404367323,XAUUSD,sell,0.1,4 606.10,4 615.52,4 596.34,2026.01.12 13:50:56,4 615.49,-0.7,0,-93.9,Inv_ATRtrail_pen,2026-01-12 13:12:29,2026-01-12 13:50:56,-93.9,ATR-Trailing STRAT,38.45,199.29999999999993,10199.3,-7.024700000000012
2026.01.12 13:31:57,1404413385,XAUUSD,sell,0.16,4 608.26,4 614.48,4 601.98,2026.01.12 13:48:05,4 614.42,-1.12,0,-98.56,Inv_Chandelier_p,2026-01-12 13:31:57,2026-01-12 13:48:05,-98.56,Chandelier STRAT,16.133333333333333,100.73999999999992,10100.74,-8.010300000000006
2026.01.12 14:26:41,1404555416,XAUUSD,buy,0.1,4 587.86,4 585.47,4 597.51,2026.01.12 14:31:39,4 597.78,-0.7,0,99.2,Inv_ATRtrail_pen,2026-01-12 14:26:41,2026-01-12 14:31:39,99.2,ATR-Trailing STRAT,4.966666666666667,199.93999999999994,10199.94,-7.0183
2026.01.12 14:26:41,1404555425,XAUUSD,buy,0.06,4 588.62,4 596.27,4 603.66,2026.01.12 14:34:03,4 596.25,-0.42,0,45.78,Inv_Chandelier_p,2026-01-12 14:26:41,2026-01-12 14:34:03,45.78,Chandelier STRAT,7.366666666666666,245.71999999999994,10245.72,-6.560500000000011
2026.01.12 14:38:49,1404607721,XAUUSD,sell,0.06,4 603.86,4 620.30,4 587.32,2026.01.12 15:26:04,4 620.58,-0.42,0,-100.32,Inv_Chandelier_p,2026-01-12 14:38:49,2026-01-12 15:26:04,-100.32,Chandelier STRAT,47.25,145.39999999999995,10145.4,-7.563700000000008
2026.01.12 14:38:51,1404607632,XAUUSD,sell,0.06,4 604.43,4 605.02,4 588.16,2026.01.12 14:51:22,4 604.89,-0.42,0,-2.76,Inv_ATRtrail_pen,2026-01-12 14:38:51,2026-01-12 14:51:22,-2.76,ATR-Trailing STRAT,12.516666666666667,142.63999999999996,10142.64,-7.59130000000001
2026.01.13 01:04:38,1405491270,XAUUSD,buy,0.08,4 581.82,4 586.32,4 594.02,2026.01.13 01:11:19,4 594.14,-0.56,0,98.56,Inv_Chandelier_p,2026-01-13 01:04:38,2026-01-13 01:11:19,98.56,Chandelier STRAT,6.683333333333334,241.19999999999996,10241.2,-6.605699999999998
2026.01.13 01:17:22,1405516978,XAUUSD,buy,0.13,4 589.08,4 581.59,4 596.73,2026.01.13 01:30:03,4 580.86,-0.92,0,-106.86,Inv_Chandelier_p,2026-01-13 01:17:22,2026-01-13 01:30:03,-106.86,Chandelier STRAT,12.683333333333334,134.33999999999997,10134.34,-7.674300000000003
2026.01.13 01:18:14,1405516905,XAUUSD,buy,0.13,4 587.53,4 580.31,4 595.45,2026.01.13 01:30:03,4 580.86,-0.92,0,-86.71,Inv_ATRtrail_pen,2026-01-13 01:18:14,2026-01-13 01:30:03,-86.71,ATR-Trailing STRAT,11.816666666666666,47.62999999999998,10047.63,-8.541400000000014
2026.01.13 14:07:21,1406610322,XAUUSD,sell,0.15,4 612.97,4 619.10,4 606.54,2026.01.13 14:14:56,4 619.14,-1.06,0,-92.55,Inv_Chandelier_p,2026-01-13 14:07:21,2026-01-13 14:14:56,-92.55,Chandelier STRAT,7.583333333333333,-44.920000000000016,9955.08,-9.466900000000004
2026.01.13 14:07:34,1406610315,XAUUSD,sell,0.15,4 614.22,4 615.97,4 607.59,2026.01.13 14:11:40,4 615.95,-1.06,0,-25.95,Inv_ATRtrail_pen,2026-01-13 14:07:34,2026-01-13 14:11:40,-25.95,ATR-Trailing STRAT,4.1,-70.87000000000002,9929.13,-9.726400000000012
2026.01.14 00:03:36,1407674497,XAUUSD,sell,0.22,4 602.08,4 606.15,4 597.85,2026.01.14 00:07:38,4 606.55,-1.54,0,-98.34,Inv_Chandelier_p,2026-01-14 00:03:36,2026-01-14 00:07:38,-98.34,Chandelier STRAT,4.033333333333333,-169.21000000000004,9830.79,-10.709799999999996
2026.01.14 00:04:56,1407674494,XAUUSD,sell,0.09,4 603.28,4 613.25,4 592.45,2026.01.14 01:00:56,4 613.56,-0.64,0,-92.52,Inv_ATRtrail_pen,2026-01-14 00:04:56,2026-01-14 01:00:56,-92.52,ATR-Trailing STRAT,56.0,-261.73,9738.27,-11.635
2026.01.14 06:08:48,1408097405,XAUUSD,sell,0.11,4 626.89,4 634.80,4 618.82,2026.01.14 06:14:21,4 634.94,-0.78,0,-88.55,Inv_Chandelier_p,2026-01-14 06:08:48,2026-01-14 06:14:21,-88.55,Chandelier STRAT,5.55,-350.28000000000003,9649.72,-12.520500000000013
2026.01.14 10:42:59,1408469527,XAUUSD,sell,0.38,4 638.03,4 640.43,4 635.63,2026.01.14 10:46:34,4 635.72,-2.66,0,87.78,Inv_Chandelier_p,2026-01-14 10:42:59,2026-01-14 10:46:34,87.78,Chandelier STRAT,3.5833333333333335,-262.5,9737.5,-11.642700000000005
2026.01.14 11:32:46,1408540220,XAUUSD,buy,0.14,4 627.83,4 630.50,4 634.54,2026.01.14 12:02:11,4 634.55,-0.98,0,94.08,Inv_Chandelier_p,2026-01-14 11:32:46,2026-01-14 12:02:11,94.08,Chandelier STRAT,29.416666666666668,-168.42000000000002,9831.58,-10.701900000000004
2026.01.14 14:49:53,1408994043,XAUUSD,buy,0.06,4 608.54,4 612.82,4 625.98,2026.01.14 15:14:06,4 612.54,-0.42,0,24.0,Inv_Chandelier_p,2026-01-14 14:49:53,2026-01-14 15:14:06,24.0,Chandelier STRAT,24.216666666666665,-144.42000000000002,9855.58,-10.461900000000005
2026.01.14 14:49:54,1408994030,XAUUSD,buy,0.06,4 607.68,4 613.04,4 624.88,2026.01.14 15:00:26,4 612.90,-0.42,0,31.32,Inv_ATRtrail_pen,2026-01-14 14:49:54,2026-01-14 15:00:26,31.32,ATR-Trailing STRAT,10.533333333333333,-113.10000000000002,9886.9,-10.148700000000007
2026.01.15 01:31:21,1410055587,XAUUSD,buy,0.1,4 592.58,4 583.21,4 602.03,2026.01.15 01:44:05,4 602.28,-0.7,0,97.0,Inv_Chandelier_p,2026-01-15 01:31:21,2026-01-15 01:44:05,97.0,Chandelier STRAT,12.733333333333333,-16.100000000000023,9983.9,-9.178700000000008
2026.01.15 01:31:33,1410055546,XAUUSD,buy,0.2,4 589.34,4 586.41,4 595.73,2026.01.15 01:31:52,4 586.32,-1.4,0,-60.4,Inv_ATRtrail_pen,2026-01-15 01:31:33,2026-01-15 01:31:52,-60.4,ATR-Trailing STRAT,0.31666666666666665,-76.50000000000003,9923.5,-9.782700000000004
2026.01.15 05:30:00,1410418095,XAUUSD,sell,0.14,4 593.32,4 599.86,4 586.54,2026.01.15 05:33:21,4 586.41,-0.98,0,96.74,Inv_Chandelier_p,2026-01-15 05:30:00,2026-01-15 05:33:21,96.74,Chandelier STRAT,3.35,20.239999999999966,10020.24,-8.815300000000006
2026.01.15 13:07:06,1411072880,XAUUSD,sell,0.09,4 611.16,4 608.92,4 600.82,2026.01.15 13:25:01,4 609.13,-0.64,0,18.27,Inv_Chandelier_p,2026-01-15 13:07:06,2026-01-15 13:25:01,18.27,Chandelier STRAT,17.916666666666668,38.50999999999996,10038.51,-8.632600000000004
2026.01.15 13:07:38,1411072861,XAUUSD,sell,0.11,4 612.32,4 609.02,4 603.75,2026.01.15 13:28:49,4 603.62,-0.78,0,95.7,Inv_ATRtrail_pen,2026-01-15 13:07:38,2026-01-15 13:28:49,95.7,ATR-Trailing STRAT,21.183333333333334,134.20999999999998,10134.21,-7.675600000000013
2026.01.15 13:36:47,1411152414,XAUUSD,buy,0.09,4 593.66,4 582.65,4 604.45,2026.01.15 13:47:38,4 582.81,-0.64,0,-97.65,Inv_Chandelier_p,2026-01-15 13:36:47,2026-01-15 13:47:38,-97.65,Chandelier STRAT,10.85,36.559999999999974,10036.56,-8.65210000000001
2026.01.15 13:36:52,1411152372,XAUUSD,buy,0.09,4 592.71,4 589.86,4 603.73,2026.01.15 13:41:45,4 589.66,-0.64,0,-27.45,Inv_ATRtrail_pen,2026-01-15 13:36:52,2026-01-15 13:41:45,-27.45,ATR-Trailing STRAT,4.883333333333334,9.109999999999975,10009.11,-8.926599999999999
2026.01.15 16:17:38,1411585705,XAUUSD,sell,0.12,4 623.68,4 631.04,4 616.00,2026.01.15 16:25:03,4 616.06,-0.84,0,91.44,Inv_Chandelier_p,2026-01-15 16:17:38,2026-01-15 16:25:03,91.44,Chandelier STRAT,7.416666666666667,100.54999999999997,10100.55,-8.01220000000001
2026.01.16 13:25:03,1413110858,XAUUSD,buy,0.08,4 588.79,4 597.87,4 600.07,2026.01.16 13:36:14,4 597.84,-0.56,0,72.4,Inv_Chandelier_p,2026-01-16 13:25:03,2026-01-16 13:36:14,72.4,Chandelier STRAT,11.183333333333334,172.95,10172.95,-7.288199999999997
2026.01.16 13:37:33,1413149284,XAUUSD,buy,0.11,4 595.13,4 598.54,4 603.43,2026.01.16 13:52:38,4 598.45,-0.78,0,36.52,Inv_Chandelier_p,2026-01-16 13:37:33,2026-01-16 13:52:38,36.52,Chandelier STRAT,15.083333333333334,209.47,10209.47,-6.923000000000011
2026.01.16 13:38:59,1413149274,XAUUSD,buy,0.11,4 593.99,4 597.22,4 602.48,2026.01.16 13:50:48,4 602.70,-0.78,0,95.81,Inv_ATRtrail_pen,2026-01-16 13:38:59,2026-01-16 13:50:48,95.81,ATR-Trailing STRAT,11.816666666666666,305.28,10305.28,-5.964899999999998
2026.01.16 15:26:27,1413451094,XAUUSD,sell,0.05,4 584.54,4 580.41,4 564.57,2026.01.16 15:30:01,4 565.18,-0.36,0,96.8,Inv_Chandelier_p,2026-01-16 15:26:27,2026-01-16 15:30:01,96.8,Chandelier STRAT,3.566666666666667,402.08,10402.08,-4.996900000000005
2026.01.16 15:29:27,1413470488,XAUUSD,sell,0.04,4 569.28,4 566.12,4 547.02,2026.01.16 15:33:40,4 546.83,-0.28,0,89.8,Inv_Chandelier_p,2026-01-16 15:29:27,2026-01-16 15:33:40,89.8,Chandelier STRAT,4.216666666666667,491.88,10491.88,-4.098900000000012
2026.01.16 15:30:03,1413472136,XAUUSD,sell,0.04,4 570.35,4 566.76,4 547.90,2026.01.16 15:33:40,4 547.32,-0.28,0,92.12,Inv_ATRtrail_pen,2026-01-16 15:30:03,2026-01-16 15:33:40,92.12,ATR-Trailing STRAT,3.6166666666666667,584.0,10584.0,-3.177700000000004
2026.01.16 17:21:59,1413783815,XAUUSD,buy,0.1,4 579.21,4 585.88,4 588.76,2026.01.16 17:23:45,4 585.86,-0.7,0,66.5,Inv_Chandelier_p,2026-01-16 17:21:59,2026-01-16 17:23:45,66.5,Chandelier STRAT,1.7666666666666666,650.5,10650.5,-2.5127000000000046
2026.01.16 17:30:18,1413800974,XAUUSD,buy,0.12,4 577.41,4 569.26,4 585.34,2026.01.16 17:37:16,4 585.54,-0.84,0,97.56,Inv_Chandelier_p,2026-01-16 17:30:18,2026-01-16 17:37:16,97.56,Chandelier STRAT,6.966666666666667,748.06,10748.06,-1.5371000000000095
2026.01.18 23:37:35,1414657243,XAUUSD,sell,0.06,4 679.37,4 667.04,4 663.71,2026.01.18 23:48:17,4 667.15,-0.42,0,73.32,Inv_Chandelier_p,2026-01-18 23:37:35,2026-01-18 23:48:17,73.32,Chandelier STRAT,10.7,821.3799999999999,10821.38,-0.8039000000000124
2026.01.18 23:38:11,1414657222,XAUUSD,sell,0.07,4 680.05,4 675.59,4 664.72,2026.01.18 23:40:50,4 664.64,-0.5,0,107.87,Inv_ATRtrail_pen,2026-01-18 23:38:11,2026-01-18 23:40:50,107.87,ATR-Trailing STRAT,2.65,929.2499999999999,10929.25,-0.0
2026.01.19 13:34:18,1415821846,XAUUSD,buy,0.24,4 671.17,4 666.89,4 675.33,2026.01.19 13:42:32,4 666.81,-1.68,0,-104.64,Inv_Chandelier_p,2026-01-19 13:34:18,2026-01-19 13:42:32,-104.64,Chandelier STRAT,8.233333333333333,824.6099999999999,10824.61,-1.0463999999999942
2026.01.19 14:15:05,1415888053,XAUUSD,sell,0.33,4 664.75,4 664.03,4 662.16,2026.01.19 14:16:32,4 664.10,-2.32,0,21.45,Inv_Chandelier_p,2026-01-19 14:15:05,2026-01-19 14:16:32,21.45,Chandelier STRAT,1.45,846.06,10846.06,-0.8319000000000051
2026.01.20 05:04:00,1416742438,XAUUSD,buy,0.19,4 695.31,4 696.82,4 700.88,2026.01.20 05:07:11,4 700.86,-1.34,0,105.45,Inv_Chandelier_p,2026-01-20 05:04:00,2026-01-20 05:07:11,105.45,Chandelier STRAT,3.183333333333333,951.51,10951.51,-0.0
2026.01.20 14:09:08,1417705362,XAUUSD,buy,0.39,4 733.60,4 731.04,4 736.38,2026.01.20 14:09:39,4 736.60,-2.74,0,117.0,Inv_Chandelier_p,2026-01-20 14:09:08,2026-01-20 14:09:39,117.0,Chandelier STRAT,0.5166666666666667,1068.51,11068.51,-0.0
2026.01.21 01:20:10,1418950678,XAUUSD,sell,0.08,4 813.52,4 826.11,4 801.17,2026.01.21 01:29:38,4 826.38,-0.56,0,-102.88,Inv_Chandelier_p,2026-01-21 01:20:10,2026-01-21 01:29:38,-102.88,Chandelier STRAT,9.466666666666667,965.63,10965.63,-1.0288000000000102
2026.01.21 01:20:15,1418950669,XAUUSD,sell,0.08,4 815.79,4 816.93,4 802.19,2026.01.21 01:24:49,4 817.64,-0.56,0,-14.8,Inv_ATRtrail_pen,2026-01-21 01:20:15,2026-01-21 01:24:49,-14.8,ATR-Trailing STRAT,4.566666666666666,950.83,10950.83,-1.1768000000000027
2026.01.21 01:30:32,1418974996,XAUUSD,sell,0.09,4 829.58,4 841.21,4 818.27,2026.01.21 01:34:27,4 818.26,-0.64,0,101.88,Inv_Chandelier_p,2026-01-21 01:30:32,2026-01-21 01:34:27,101.88,Chandelier STRAT,3.9166666666666665,1052.71,11052.71,-0.1580000000000109
2026.01.21 01:30:34,1418974840,XAUUSD,sell,0.09,4 830.76,4 830.25,4 819.08,2026.01.21 01:34:25,4 818.54,-0.64,0,109.98,Inv_ATRtrail_pen,2026-01-21 01:30:34,2026-01-21 01:34:25,109.98,ATR-Trailing STRAT,3.85,1162.69,11162.69,-0.0
2026.01.21 06:27:24,1419403542,XAUUSD,sell,0.12,4 886.24,4 894.10,4 876.18,2026.01.21 06:37:46,4 875.54,-0.84,0,128.4,Inv_Chandelier_p,2026-01-21 06:27:24,2026-01-21 06:37:46,128.4,Chandelier STRAT,10.366666666666667,1291.0900000000001,11291.09,-0.0
2026.01.21 06:27:24,1419403525,XAUUSD,sell,0.09,4 886.24,4 886.60,4 874.31,2026.01.21 06:31:56,4 886.65,-0.64,0,-3.69,Inv_ATRtrail_pen,2026-01-21 06:27:24,2026-01-21 06:31:56,-3.69,ATR-Trailing STRAT,4.533333333333333,1287.4,11287.4,-0.036900000000005095
2026.01.21 06:31:31,1419414560,XAUUSD,sell,0.13,4 884.82,4 892.87,4 876.77,2026.01.21 06:36:32,4 877.19,-0.92,0,99.19,Inv_Chandelier_p,2026-01-21 06:31:31,2026-01-21 06:36:32,99.19,Chandelier STRAT,5.016666666666667,1386.5900000000001,11386.59,-0.0
2026.01.21 06:31:49,1419414554,XAUUSD,sell,0.13,4 885.97,4 884.89,4 877.78,2026.01.21 06:36:29,4 877.26,-0.92,0,113.23,Inv_ATRtrail_pen,2026-01-21 06:31:49,2026-01-21 06:36:29,113.23,ATR-Trailing STRAT,4.666666666666667,1499.8200000000002,11499.82,-0.0
2026.01.21 06:59:22,1419473559,XAUUSD,buy,0.06,4 847.53,4 854.62,4 865.78,2026.01.21 07:57:51,4 854.60,-0.42,0,42.42,Inv_Chandelier_p,2026-01-21 06:59:22,2026-01-21 07:57:51,42.42,Chandelier STRAT,58.483333333333334,1542.2400000000002,11542.24,-0.0
2026.01.21 07:00:01,1419473540,XAUUSD,buy,0.06,4 845.93,4 844.99,4 864.80,2026.01.21 07:36:10,4 845.07,-0.42,0,-5.16,Inv_ATRtrail_pen,2026-01-21 07:00:01,2026-01-21 07:36:10,-5.16,ATR-Trailing STRAT,36.15,1537.0800000000002,11537.08,-0.05159999999999854
2026.01.21 07:04:29,1419490526,XAUUSD,sell,0.07,4 839.92,4 838.61,4 823.72,2026.01.21 07:22:18,4 839.58,-0.5,0,2.38,Inv_Chandelier_p,2026-01-21 07:04:29,2026-01-21 07:22:18,2.38,Chandelier STRAT,17.816666666666666,1539.4600000000003,11539.460000000001,-0.02779999999998836
2026.01.21 07:04:57,1419490470,XAUUSD,sell,0.07,4 840.71,4 839.89,4 824.30,2026.01.21 07:22:19,4 839.90,-0.5,0,5.67,Inv_ATRtrail_pen,2026-01-21 07:04:57,2026-01-21 07:22:19,5.67,ATR-Trailing STRAT,17.366666666666667,1545.1300000000003,11545.130000000001,-0.0
2026.01.21 07:29:09,1419538744,XAUUSD,sell,0.11,4 848.63,4 839.84,4 838.47,2026.01.21 07:38:35,4 839.87,-0.78,0,96.36,Inv_Chandelier_p,2026-01-21 07:29:09,2026-01-21 07:38:35,96.36,Chandelier STRAT,9.433333333333334,1641.4900000000002,11641.49,-0.0
2026.01.21 07:29:18,1419538736,XAUUSD,sell,0.11,4 849.14,4 846.52,4 839.50,2026.01.21 07:38:33,4 839.35,-0.78,0,107.69,Inv_ATRtrail_pen,2026-01-21 07:29:18,2026-01-21 07:38:33,107.69,ATR-Trailing STRAT,9.25,1749.1800000000003,11749.18,-0.0
2026.01.21 08:05:35,1419601326,XAUUSD,sell,0.2,4 863.74,4 869.07,4 858.01,2026.01.21 08:10:10,4 857.91,-1.4,0,116.6,Inv_Chandelier_p,2026-01-21 08:05:35,2026-01-21 08:10:10,116.6,Chandelier STRAT,4.583333333333333,1865.7800000000002,11865.78,-0.0
2026.01.21 14:40:36,1420343408,XAUUSD,buy,0.06,4 867.80,4 848.86,4 885.00,2026.01.21 14:51:45,4 848.85,-0.42,0,-113.7,Inv_Chandelier_p,2026-01-21 14:40:36,2026-01-21 14:51:45,-113.7,Chandelier STRAT,11.15,1752.0800000000002,11752.08,-1.1370000000000073
2026.01.21 14:40:38,1420343379,XAUUSD,buy,0.09,4 865.94,4 859.41,4 879.02,2026.01.21 14:45:35,4 859.62,-0.64,0,-56.88,Inv_ATRtrail_pen,2026-01-21 14:40:38,2026-01-21 14:45:35,-56.88,ATR-Trailing STRAT,4.95,1695.2,11695.2,-1.7057999999999993
2026.01.21 14:51:48,1420387844,XAUUSD,buy,0.07,4 848.01,4 860.30,4 864.99,2026.01.21 15:03:09,4 860.30,-0.5,0,86.03,Inv_Chandelier_p,2026-01-21 14:51:48,2026-01-21 15:03:09,86.03,Chandelier STRAT,11.35,1781.23,11781.23,-0.845500000000011
2026.01.21 14:53:27,1420387820,XAUUSD,buy,0.07,4 847.35,4 850.32,4 863.98,2026.01.21 15:00:06,4 850.18,-0.5,0,19.81,Inv_ATRtrail_pen,2026-01-21 14:53:27,2026-01-21 15:00:06,19.81,ATR-Trailing STRAT,6.65,1801.04,11801.04,-0.6473999999999978
2026.01.21 23:24:50,1421681299,XAUUSD,buy,0.12,4 795.93,4 786.92,4 805.50,2026.01.21 23:27:29,4 786.64,-0.84,0,-111.48,Inv_Chandelier_p,2026-01-21 23:24:50,2026-01-21 23:27:29,-111.48,Chandelier STRAT,2.65,1689.56,11689.56,-1.7622000000000118
2026.01.21 23:25:16,1421681289,XAUUSD,buy,0.12,4 794.61,4 785.92,4 804.50,2026.01.21 23:27:35,4 785.13,-0.84,0,-113.76,Inv_ATRtrail_pen,2026-01-21 23:25:16,2026-01-21 23:27:35,-113.76,ATR-Trailing STRAT,2.316666666666667,1575.8,11575.8,-2.8998000000000137
2026.01.22 06:00:06,1422208854,XAUUSD,sell,0.13,4 822.41,4 830.63,4 813.77,2026.01.22 07:03:23,4 830.60,-0.92,0,-106.47,Inv_Chandelier_p,2026-01-22 06:00:06,2026-01-22 07:03:23,-106.47,Chandelier STRAT,63.28333333333333,1469.33,11469.33,-3.9645000000000077
2026.01.22 06:01:00,1422208848,XAUUSD,sell,0.14,4 822.81,4 819.65,4 815.14,2026.01.22 06:18:07,4 820.23,-0.98,0,36.12,Inv_ATRtrail_pen,2026-01-22 06:01:00,2026-01-22 06:18:07,36.12,ATR-Trailing STRAT,17.116666666666667,1505.4499999999998,11505.45,-3.6032999999999995
2026.01.22 07:56:53,1422368927,XAUUSD,sell,0.24,4 833.75,4 834.50,4 828.40,2026.01.22 07:58:00,4 834.42,-1.68,0,-16.08,Inv_Chandelier_p,2026-01-22 07:56:53,2026-01-22 07:58:00,-16.08,Chandelier STRAT,1.1166666666666667,1489.37,11489.369999999999,-3.764100000000017
2026.01.22 07:57:59,1422368921,XAUUSD,sell,0.21,4 834.12,4 834.80,4 828.96,2026.01.22 08:02:23,4 834.80,-1.48,0,-14.28,Inv_ATRtrail_pen,2026-01-22 07:57:59,2026-01-22 08:02:23,-14.28,ATR-Trailing STRAT,4.4,1475.09,11475.09,-3.9069000000000047
2026.01.22 09:45:03,1422543122,XAUUSD,buy,0.12,4 815.08,4 806.28,4 824.68,2026.01.22 10:00:46,4 824.84,-0.84,0,117.12,Inv_Chandelier_p,2026-01-22 09:45:03,2026-01-22 10:00:46,117.12,Chandelier STRAT,15.716666666666667,1592.21,11592.21,-2.735700000000015
