OpenTime,Position,Symbol,Type,Volume,OpenPrice,S / L,T / P,CloseTime,ClosePrice,Commission,Swap,Profit
2025.12.22 21:20:08,1377252975,XAUUSD,sell,2.09,4 430.22,4 435.00,4 418.27,2025.12.22 22:00:47,4 435.00,-14.64,0,-999.02
2025.12.22 22:40:08,1377330344,XAUUSD,sell,0.98,4 435.32,4 445.50,4 409.90,2025.12.22 23:26:32,4 445.51,-6.86,0,-998.62
2025.12.23 01:20:08,1377424451,XAUUSD,buy,1.28,4 457.08,4 449.00,4 476.40,2025.12.23 03:01:04,4 476.36,-8.96,0,2 467.84
2025.12.23 05:00:08,1377679923,XAUUSD,sell,25,4 493.16,4 493.50,4 492.10,2025.12.23 05:00:13,4 493.54,-175,0,-950
2025.12.23 06:00:08,1377735134,XAUUSD,sell,0.88,4 487.18,4 489.80,4 458.88,2025.12.23 13:40:09,4 486.82,-6.16,0,31.68
2025.12.23 18:40:10,1378910067,XAUUSD,sell,1.21,4 462.98,4 467.00,4 452.55,2025.12.23 18:43:11,4 466.93,-8.48,0,-477.95
2025.12.23 19:40:10,1379009622,XAUUSD,sell,0.67,4 477.58,4 485.00,4 458.82,2025.12.23 20:58:25,4 484.97,-4.7,0,-495.13
2025.12.23 19:40:10,1379009630,XAUUSD,sell,0.67,4 477.53,4 485.00,4 459.03,2025.12.23 20:58:25,4 484.97,-4.7,0,-498.48
2025.12.23 20:00:10,1379039532,XAUUSD,sell,0.36,4 473.85,4 488.00,4 438.76,2025.12.23 21:01:12,4 488.12,-2.52,0,-513.72
2025.12.23 21:20:09,1379151860,XAUUSD,sell,0.83,4 488.96,4 495.00,4 473.86,2025.12.23 22:58:15,4 495.04,-5.82,0,-504.64
2025.12.24 03:00:09,1379471197,XAUUSD,sell,0.96,4 516.40,4 521.50,4 503.26,2025.12.24 03:23:21,4 521.80,-6.72,0,-518.4
2025.12.24 03:00:09,1379471225,XAUUSD,buy,4.9,4 516.41,4 515.50,4 519.07,2025.12.24 03:00:37,4 519.05,-34.3,0,1 293.60
2025.12.24 03:00:10,1379471243,XAUUSD,sell,0.96,4 516.56,4 521.50,4 503.26,2025.12.24 03:23:21,4 521.80,-6.72,0,-503.04
2025.12.24 03:40:09,1379539708,XAUUSD,buy,1.33,4 522.75,4 519.00,4 532.16,2025.12.24 03:59:49,4 519.00,-9.32,0,-498.75
2025.12.24 03:40:09,1379539807,XAUUSD,buy,1.06,4 523.56,4 519.00,4 535.49,2025.12.24 03:59:49,4 519.00,-7.42,0,-483.36
2025.12.24 04:40:09,1379604795,XAUUSD,sell,0.72,4 509.58,4 516.50,4 492.35,2025.12.24 04:58:39,4 491.46,-5.04,0,1 304.64
2025.12.24 04:40:10,1379604801,XAUUSD,sell,0.72,4 509.63,4 516.50,4 492.28,2025.12.24 04:58:39,4 491.46,-5.04,0,1 308.24
2025.12.24 05:00:09,1379637599,XAUUSD,sell,0.16,4 485.05,4 516.50,4 406.25,2025.12.24 08:00:09,4 487.78,-1.12,0,-43.68
2025.12.24 05:00:09,1379637692,XAUUSD,sell,0.15,4 483.94,4 516.50,4 402.96,2025.12.24 08:00:10,4 487.97,-1.06,0,-60.45
2025.12.24 05:40:09,1379698304,XAUUSD,sell,0.66,4 494.87,4 502.50,4 475.90,2025.12.24 08:40:09,4 495.84,-4.62,0,-64.02
2025.12.24 08:00:10,1379819478,XAUUSD,sell,0.39,4 487.87,4 500.50,4 456.05,2025.12.24 11:00:09,4 483.33,-2.74,0,177.06
2025.12.24 08:20:09,1379838570,XAUUSD,sell,0.43,4 488.80,4 500.50,4 459.48,2025.12.24 11:20:09,4 489.48,-3.02,0,-29.24
2025.12.24 09:00:10,1379875498,XAUUSD,sell,0.76,4 493.82,4 500.50,4 477.43,2025.12.24 12:00:09,4 495.04,-5.32,0,-92.72
2025.12.24 11:40:09,1380055847,XAUUSD,sell,0.48,4 488.98,4 499.50,4 463.03,2025.12.24 12:04:35,4 499.61,-3.36,0,-510.24
2025.12.24 12:20:09,1380101391,XAUUSD,buy,0.43,4 493.50,4 489.13,4 522.25,2025.12.24 12:32:39,4 488.90,-3.02,0,-197.8
2025.12.24 12:20:09,1380101403,XAUUSD,sell,0.9,4 493.43,4 499.00,4 479.51,2025.12.24 15:20:09,4 479.71,-6.3,0,1 234.80
2025.12.24 12:20:10,1380101412,XAUUSD,sell,0.9,4 493.39,4 496.39,4 479.51,2025.12.24 15:20:09,4 479.41,-6.3,0,1 258.20
2025.12.24 12:40:09,1380124296,XAUUSD,sell,0.25,4 484.45,4 504.00,4 435.19,2025.12.24 15:40:09,4 484.87,-1.76,0,-10.5
2025.12.24 15:20:10,1380295073,XAUUSD,sell,1.06,4 479.23,4 484.00,4 467.51,2025.12.24 15:33:00,4 484.16,-7.42,0,-522.58
2025.12.24 16:40:09,1380445361,XAUUSD,sell,0.47,4 472.36,4 483.00,4 445.51,2025.12.24 19:07:01,4 483.08,-3.3,0,-503.84
2025.12.24 17:00:12,1380521492,XAUUSD,sell,1.31,4 464.18,4 468.00,4 454.63,2025.12.24 17:02:22,4 468.06,-9.18,0,-508.28
2025.12.24 18:00:38,1380672153,XAUUSD,buy,0.87,4 457.31,4 451.50,4 471.73,2025.12.24 18:34:57,4 471.75,-6.1,0,1 256.28
2025.12.24 18:00:39,1380672162,XAUUSD,buy,0.86,4 457.30,4 451.50,4 471.84,2025.12.24 18:35:01,4 471.87,-6.02,0,1 253.02
2025.12.24 19:00:10,1380758158,XAUUSD,sell,2.91,4 476.28,4 478.00,4 471.98,2025.12.24 19:01:33,4 478.19,-20.38,0,-555.81
2025.12.24 19:00:10,1380758184,XAUUSD,sell,2.91,4 476.34,4 478.00,4 471.98,2025.12.24 19:01:33,4 478.19,-20.38,0,-538.35
2025.12.26 03:20:09,1381459028,XAUUSD,sell,2.55,4 512.08,4 514.00,4 507.14,2025.12.26 03:20:35,4 514.15,-17.86,0,-527.85
2025.12.26 06:20:09,1381691345,XAUUSD,buy,0.46,4 506.40,4 495.50,4 533.65,2025.12.26 09:20:09,4 513.68,-3.22,0,334.88
2025.12.26 06:20:10,1381691348,XAUUSD,buy,0.46,4 506.40,4 495.50,4 533.65,2025.12.26 09:20:09,4 513.68,-3.22,0,334.88
2025.12.26 07:20:09,1381735305,XAUUSD,sell,0.65,4 506.36,4 514.00,4 487.12,2025.12.26 07:31:20,4 513.75,-4.56,0,-480.35
2025.12.26 09:00:09,1381837548,XAUUSD,sell,0.65,4 511.83,4 519.50,4 492.62,2025.12.26 10:59:26,4 519.45,-4.56,0,-495.3
2025.12.26 09:40:09,1381874286,XAUUSD,sell,0.5,4 510.52,4 520.50,4 485.57,2025.12.26 11:00:17,4 520.48,-3.5,0,-498
2025.12.26 09:40:09,1381874291,XAUUSD,sell,0.5,4 510.52,4 520.50,4 485.57,2025.12.26 11:00:17,4 520.48,-3.5,0,-498
2025.12.26 11:00:09,1381949876,XAUUSD,sell,5.81,4 519.62,4 520.50,4 517.49,2025.12.26 11:00:17,4 520.48,-40.68,0,-499.66
2025.12.26 11:20:09,1381968403,XAUUSD,buy,0.5,4 515.94,4 506.00,4 540.79,2025.12.26 13:10:45,4 504.36,-3.5,0,-579
2025.12.26 12:20:13,1382025635,XAUUSD,buy,0.27,4 521.25,4 504.00,4 568.79,2025.12.26 13:10:54,4 503.80,-1.9,0,-471.15
2025.12.26 12:20:14,1382025794,XAUUSD,buy,0.29,4 521.19,4 504.00,4 564.38,2025.12.26 13:10:54,4 503.80,-2.04,0,-504.31
2025.12.26 13:20:09,1382092922,XAUUSD,buy,0.82,4 511.10,4 505.00,4 526.35,2025.12.26 13:29:02,4 505.12,-5.74,0,-490.36
2025.12.26 13:20:10,1382092930,XAUUSD,buy,0.82,4 511.10,4 505.00,4 526.35,2025.12.26 13:29:02,4 505.12,-5.74,0,-490.36
2025.12.26 15:00:09,1382202521,XAUUSD,sell,0.37,4 505.64,4 519.50,4 471.69,2025.12.26 15:25:09,4 519.19,-2.6,0,-501.35
2025.12.26 15:00:10,1382202547,XAUUSD,sell,0.36,4 505.68,4 519.50,4 470.99,2025.12.26 15:25:09,4 519.19,-2.52,0,-486.36
2025.12.26 16:40:09,1382393250,XAUUSD,buy,0.69,4 526.12,4 519.00,4 544.27,2025.12.26 16:47:34,4 518.52,-4.84,0,-524.4
2025.12.26 16:40:09,1382393283,XAUUSD,buy,0.71,4 526.02,4 519.00,4 543.68,2025.12.26 16:47:34,4 518.52,-4.98,0,-532.5
2025.12.26 17:40:10,1382547687,XAUUSD,buy,0.61,4 540.15,4 532.00,4 560.60,2025.12.26 18:52:09,4 531.54,-4.28,0,-525.21
2025.12.26 17:40:10,1382547705,XAUUSD,buy,0.61,4 540.16,4 532.00,4 560.60,2025.12.26 18:52:09,4 531.54,-4.28,0,-525.82
2025.12.26 23:20:09,1383043557,XAUUSD,sell,0.54,4 528.79,4 538.00,4 505.76,2025.12.29 01:02:00,4 543.89,-3.78,30.69,-815.4
2025.12.26 23:20:10,1383043559,XAUUSD,sell,0.54,4 528.79,4 538.00,4 505.76,2025.12.29 01:02:00,4 543.89,-3.78,30.69,-815.4
2025.12.26 23:40:09,1383057059,XAUUSD,sell,0.94,4 532.62,4 538.00,4 519.38,2025.12.29 01:02:00,4 543.89,-6.58,53.42,-1 059.38
2025.12.29 02:40:10,1383699194,XAUUSD,sell,0.32,4 494.96,4 510.50,4 456.11,2025.12.29 03:10:11,4 511.28,-2.24,0,-522.24
2025.12.29 02:40:10,1383699198,XAUUSD,sell,0.32,4 494.96,4 510.50,4 456.11,2025.12.29 03:10:11,4 511.28,-2.24,0,-522.24
2025.12.29 02:40:11,1383699203,XAUUSD,sell,0.32,4 495.04,4 510.50,4 456.11,2025.12.29 03:10:11,4 511.28,-2.24,0,-519.68
2025.12.29 05:00:09,1383932138,XAUUSD,sell,0.79,4 513.15,4 519.50,4 497.49,2025.12.29 05:35:04,4 520.49,-5.54,0,-579.86
2025.12.29 05:20:09,1383953062,XAUUSD,sell,0.7,4 514.81,4 522.00,4 496.84,2025.12.29 08:20:17,4 504.90,-4.9,0,693.7
2025.12.29 05:40:09,1383976549,XAUUSD,sell,0.93,4 516.10,4 521.50,4 502.60,2025.12.29 08:01:28,4 502.56,-6.52,0,1 259.22
2025.12.29 06:00:09,1383993035,XAUUSD,sell,0.9,4 516.71,4 522.00,4 502.57,2025.12.29 08:01:28,4 502.54,-6.3,0,1 275.30
2025.12.29 09:20:09,1384304076,XAUUSD,buy,0.46,4 480.42,4 469.50,4 507.86,2025.12.29 10:01:51,4 469.03,-3.22,0,-523.94
2025.12.29 11:00:10,1384493303,XAUUSD,buy,1.52,4 461.46,4 458.00,4 469.51,2025.12.29 11:43:54,4 469.49,-10.64,0,1 220.56
2025.12.29 11:40:09,1384559938,XAUUSD,sell,0.98,4 466.00,4 471.00,4 453.15,2025.12.29 11:44:17,4 471.10,-6.86,0,-499.8
2025.12.29 11:40:10,1384560027,XAUUSD,sell,1,4 466.06,4 471.00,4 453.50,2025.12.29 11:44:17,4 471.10,-7,0,-504
2025.12.29 13:00:09,1384670979,XAUUSD,buy,0.55,4 461.07,4 452.00,4 483.68,2025.12.29 13:39:18,4 451.88,-3.86,0,-505.45
2025.12.29 14:40:09,1384848098,XAUUSD,sell,2.07,4 461.13,4 463.50,4 455.07,2025.12.29 14:40:54,4 463.94,-14.5,0,-581.67
2025.12.29 15:20:10,1384917728,XAUUSD,sell,0.32,4 454.99,4 471.00,4 416.26,2025.12.29 15:49:01,4 415.70,-2.24,0,1 257.28
2025.12.29 15:20:10,1384917739,XAUUSD,sell,0.31,4 455.12,4 471.00,4 414.96,2025.12.29 15:50:42,4 414.98,-2.18,0,1 244.34
2025.12.29 16:20:09,1385107244,XAUUSD,sell,0.14,4 395.14,4 432.00,4 303.06,2025.12.29 19:20:09,4 331.56,-0.98,0,890.12
2025.12.29 16:20:09,1385107262,XAUUSD,sell,0.14,4 395.47,4 432.00,4 303.27,2025.12.29 17:22:09,4 306.76,-0.98,0,1 241.94
2025.12.29 16:20:10,1385107284,XAUUSD,sell,0.14,4 395.48,4 432.00,4 304.15,2025.12.29 17:22:09,4 306.76,-0.98,0,1 242.08
2025.12.29 17:40:09,1385418681,XAUUSD,buy,0.81,4 326.98,4 321.00,4 342.52,2025.12.29 18:12:23,4 342.40,-5.68,0,1 249.02
2025.12.29 17:40:09,1385418686,XAUUSD,buy,0.84,4 326.94,4 321.00,4 341.93,2025.12.29 18:12:23,4 342.30,-5.88,0,1 290.24
2025.12.29 19:00:09,1385593953,XAUUSD,sell,0.49,4 342.24,4 352.00,4 316.23,2025.12.29 19:40:02,4 316.21,-3.44,0,1 275.47
2025.12.29 19:00:10,1385593971,XAUUSD,sell,0.52,4 342.33,4 352.00,4 318.26,2025.12.29 19:38:36,4 317.84,-3.64,0,1 273.48
2025.12.29 19:20:10,1385631164,XAUUSD,sell,0.24,4 331.52,4 352.00,4 280.29,2025.12.29 22:20:10,4 340.27,-1.68,0,-210
2025.12.29 19:40:10,1385670073,XAUUSD,sell,0.22,4 319.26,4 342.00,4 262.30,2025.12.29 22:03:18,4 342.01,-1.54,0,-500.5
2025.12.29 19:40:10,1385670084,XAUUSD,sell,0.22,4 318.87,4 342.00,4 262.41,2025.12.29 22:03:18,4 342.01,-1.54,0,-509.08
2025.12.29 22:40:09,1385901793,XAUUSD,sell,0.75,4 330.34,4 337.00,4 313.62,2025.12.29 23:08:01,4 337.02,-5.26,0,-501
2025.12.29 23:00:09,1385926413,XAUUSD,buy,1.85,4 333.70,4 331.00,4 340.49,2025.12.29 23:01:21,4 330.67,-12.96,0,-560.55
2025.12.29 23:00:09,1385926440,XAUUSD,buy,1.85,4 333.60,4 331.00,4 340.45,2025.12.29 23:01:21,4 330.67,-12.96,0,-542.05
2025.12.29 23:20:10,1385947929,XAUUSD,sell,1.09,4 334.92,4 339.50,4 323.47,2025.12.30 01:02:12,4 339.28,-7.64,61.94,-475.24
2025.12.29 23:40:09,1385963353,XAUUSD,sell,0.36,4 328.48,4 342.50,4 293.43,2025.12.30 01:05:46,4 342.70,-2.52,20.46,-511.92
2025.12.29 23:40:09,1385963375,XAUUSD,sell,0.36,4 328.48,4 342.50,4 293.43,2025.12.30 01:05:46,4 342.70,-2.52,20.46,-511.92
2025.12.30 01:40:09,1386026910,XAUUSD,sell,1.12,4 331.03,4 335.50,4 319.85,2025.12.30 01:43:38,4 335.59,-7.84,0,-510.72
2025.12.30 01:40:09,1386026914,XAUUSD,sell,1.12,4 330.94,4 335.50,4 319.85,2025.12.30 01:43:38,4 335.59,-7.84,0,-520.8
2025.12.30 01:40:10,1386026939,XAUUSD,sell,1.1,4 330.94,4 335.50,4 319.54,2025.12.30 01:43:38,4 335.59,-7.7,0,-511.5
2025.12.30 02:40:09,1386083256,XAUUSD,sell,0.31,4 343.34,4 359.50,4 302.94,2025.12.30 03:56:13,4 359.61,-2.18,0,-504.37
2025.12.30 02:40:09,1386083268,XAUUSD,sell,0.31,4 342.85,4 359.50,4 302.94,2025.12.30 03:56:13,4 359.61,-2.18,0,-519.56
2025.12.30 03:40:09,1386151787,XAUUSD,sell,0.43,4 339.45,4 351.00,4 310.09,2025.12.30 03:49:07,4 352.56,-3.02,0,-563.73
2025.12.30 05:20:09,1386275440,XAUUSD,buy,0.47,4 365.30,4 354.50,4 392.02,2025.12.30 08:20:10,4 370.62,-3.3,0,250.04
2025.12.30 05:40:09,1386294451,XAUUSD,buy,0.51,4 364.34,4 354.50,4 388.87,2025.12.30 08:40:09,4 363.80,-3.58,0,-27.54
2025.12.30 05:40:10,1386294454,XAUUSD,sell,1.06,4 364.42,4 369.00,4 352.51,2025.12.30 06:40:46,4 369.20,-7.42,0,-506.68
2025.12.30 07:40:09,1386413708,XAUUSD,buy,0.21,4 378.02,4 354.50,4 436.79,2025.12.30 10:29:38,4 354.48,-1.48,0,-494.34
2025.12.30 09:20:10,1386536606,XAUUSD,sell,2.81,4 371.22,4 373.00,4 366.77,2025.12.30 09:23:34,4 366.72,-19.68,0,1 264.50
2025.12.30 09:40:09,1386559509,XAUUSD,sell,0.76,4 373.91,4 380.50,4 357.54,2025.12.30 09:49:35,4 380.47,-5.32,0,-498.56
2025.12.30 10:00:10,1386590186,XAUUSD,sell,0.53,4 370.98,4 380.50,4 347.18,2025.12.30 12:26:51,4 380.95,-3.72,0,-528.41
2025.12.30 10:00:10,1386590195,XAUUSD,sell,0.53,4 370.83,4 380.50,4 347.18,2025.12.30 12:26:51,4 380.95,-3.72,0,-536.36
2025.12.30 11:00:09,1386684676,XAUUSD,buy,0.26,4 365.31,4 346.00,4 413.27,2025.12.30 14:00:09,4 384.53,-1.82,0,499.72
2025.12.30 13:00:09,1386852876,XAUUSD,sell,0.36,4 385.60,4 399.50,4 350.85,2025.12.30 14:39:36,4 399.47,-2.52,0,-499.32
2025.12.30 13:20:09,1386876094,XAUUSD,buy,0.31,4 388.46,4 372.50,4 428.57,2025.12.30 16:20:09,4 384.24,-2.18,0,-130.82
2025.12.30 14:40:10,1386978034,XAUUSD,sell,1.28,4 399.59,4 403.50,4 389.82,2025.12.30 15:00:48,4 403.62,-8.96,0,-515.84
2025.12.30 14:40:10,1386978047,XAUUSD,sell,1.28,4 399.69,4 403.50,4 389.82,2025.12.30 15:00:48,4 403.62,-8.96,0,-503.04
2025.12.30 15:20:10,1387043562,XAUUSD,sell,0.85,4 392.87,4 399.00,4 378.49,2025.12.30 15:33:11,4 378.42,-5.96,0,1 228.25
2025.12.30 16:20:09,1387162023,XAUUSD,sell,0.38,4 384.37,4 397.50,4 351.09,2025.12.30 19:20:09,4 373.96,-2.66,0,395.58
2025.12.30 16:20:10,1387162060,XAUUSD,sell,0.38,4 384.40,4 397.50,4 351.55,2025.12.30 19:20:09,4 373.99,-2.66,0,395.58
2025.12.30 17:40:10,1387382175,XAUUSD,sell,0.51,4 372.20,4 382.00,4 347.56,2025.12.30 20:40:09,4 366.40,-3.58,0,295.8
2025.12.30 19:40:09,1387581255,XAUUSD,sell,0.88,4 372.33,4 378.00,4 358.12,2025.12.30 20:05:50,4 378.04,-6.16,0,-502.48
2025.12.30 21:20:09,1387700787,XAUUSD,sell,0.72,4 365.56,4 372.50,4 348.18,2025.12.30 21:49:02,4 348.07,-5.04,0,1 259.28
2025.12.30 21:20:09,1387700804,XAUUSD,sell,0.72,4 365.60,4 372.50,4 348.35,2025.12.30 21:49:02,4 348.07,-5.04,0,1 262.16
2025.12.30 22:00:09,1387762274,XAUUSD,sell,0.53,4 349.14,4 358.50,4 325.21,2025.12.31 01:05:49,4 340.63,-3.72,25.31,451.03
2025.12.30 22:00:10,1387762294,XAUUSD,sell,0.53,4 349.15,4 358.50,4 325.57,2025.12.31 01:05:50,4 340.52,-3.72,25.31,457.39
2025.12.30 23:00:09,1387834153,XAUUSD,sell,0.42,4 342.03,4 354.00,4 312.10,2025.12.31 02:00:09,4 341.16,-2.94,20.05,36.54
2025.12.31 03:00:09,1388005687,XAUUSD,sell,0.76,4 339.46,4 346.00,4 322.90,2025.12.31 03:03:09,4 346.33,-5.32,0,-522.12
2025.12.31 03:00:09,1388005703,XAUUSD,sell,0.76,4 339.92,4 346.00,4 323.11,2025.12.31 03:03:09,4 346.33,-5.32,0,-487.16
2025.12.31 03:20:09,1388036936,XAUUSD,buy,0.56,4 354.43,4 345.50,4 376.79,2025.12.31 05:01:04,4 345.54,-3.92,0,-497.84
2025.12.31 03:20:10,1388036942,XAUUSD,buy,0.56,4 354.44,4 345.50,4 376.76,2025.12.31 05:01:04,4 345.54,-3.92,0,-498.4
2025.12.31 04:20:09,1388109306,XAUUSD,sell,0.38,4 362.22,4 375.50,4 329.09,2025.12.31 07:20:09,4 334.22,-2.66,0,1 064.00
2025.12.31 05:20:10,1388182132,XAUUSD,buy,0.41,4 353.44,4 341.00,4 383.49,2025.12.31 05:24:37,4 340.94,-2.88,0,-512.5
2025.12.31 05:20:10,1388182133,XAUUSD,buy,0.4,4 353.46,4 341.00,4 384.54,2025.12.31 05:24:37,4 340.94,-2.8,0,-500.8
2025.12.31 07:00:09,1388278630,XAUUSD,sell,0.39,4 331.22,4 344.00,4 299.27,2025.12.31 07:52:42,4 299.06,-2.74,0,1 254.24
2025.12.31 07:40:09,1388328600,XAUUSD,sell,0.37,4 331.28,4 344.50,4 297.29,2025.12.31 07:53:03,4 290.21,-2.6,0,1 519.59
2025.12.31 07:40:09,1388328622,XAUUSD,sell,0.38,4 331.39,4 344.50,4 298.23,2025.12.31 07:52:48,4 298.01,-2.66,0,1 268.44
2025.12.31 08:00:09,1388388164,XAUUSD,sell,0.09,4 285.92,4 344.50,4 145.95,2025.12.31 11:00:09,4 309.37,-0.64,0,-211.05
2025.12.31 08:00:10,1388388220,XAUUSD,sell,0.09,4 285.58,4 344.50,4 139.47,2025.12.31 11:00:10,4 309.05,-0.64,0,-211.23
2025.12.31 08:00:10,1388388271,XAUUSD,sell,0.08,4 285.81,4 344.50,4 138.28,2025.12.31 11:00:10,4 309.03,-0.56,0,-185.76
2025.12.31 12:00:10,1388693379,XAUUSD,sell,0.5,4 326.42,4 336.50,4 301.32,2025.12.31 15:00:10,4 314.12,-3.5,0,615
2025.12.31 12:00:10,1388693423,XAUUSD,sell,0.5,4 326.42,4 336.50,4 301.22,2025.12.31 15:00:11,4 314.20,-3.5,0,611
2025.12.31 13:20:09,1388791966,XAUUSD,sell,1.12,4 313.04,4 317.50,4 301.89,2025.12.31 14:43:51,4 317.80,-7.84,0,-533.12
2025.12.31 15:00:10,1388907289,XAUUSD,sell,1.01,4 314.11,4 319.00,4 301.60,2025.12.31 15:21:33,4 318.95,-7.08,0,-488.84
2025.12.31 15:00:11,1388907361,XAUUSD,sell,1.02,4 314.04,4 319.00,4 301.88,2025.12.31 15:21:33,4 318.95,-7.14,0,-500.82
2025.12.31 15:20:10,1388935818,XAUUSD,sell,0.75,4 315.33,4 322.00,4 298.51,2025.12.31 15:22:58,4 322.38,-5.26,0,-528.75
2025.12.31 17:40:09,1389235017,XAUUSD,buy,0.48,4 332.61,4 322.00,4 358.79,2025.12.31 18:37:31,4 322.07,-3.36,0,-505.92
2025.12.31 17:40:10,1389235046,XAUUSD,buy,0.47,4 332.54,4 322.00,4 359.13,2025.12.31 18:37:31,4 322.07,-3.3,0,-492.09
2025.12.31 18:40:09,1389343658,XAUUSD,sell,0.54,4 323.24,4 332.50,4 300.09,2025.12.31 21:40:09,4 311.51,-3.78,0,633.42
2025.12.31 18:40:09,1389343660,XAUUSD,sell,0.54,4 323.26,4 332.50,4 300.09,2025.12.31 21:40:09,4 311.64,-3.78,0,627.48
2025.12.31 19:40:09,1389416146,XAUUSD,buy,0.32,4 326.55,4 311.00,4 365.39,2025.12.31 21:36:24,4 311.03,-2.24,0,-496.64
2025.12.31 21:40:10,1389539632,XAUUSD,sell,0.92,4 311.40,4 317.00,4 297.89,2025.12.31 22:18:04,4 316.75,-6.44,0,-492.2
2026.01.02 07:20:09,1390215902,XAUUSD,buy,2.02,4 376.98,4 374.50,4 383.18,2026.01.02 08:09:23,4 374.35,-14.14,0,-531.26
2026.01.02 09:20:09,1390320091,XAUUSD,buy,0.37,4 375.36,4 362.00,4 408.76,2026.01.02 12:20:09,4 388.42,-2.6,0,483.22
2026.01.02 09:20:10,1390320094,XAUUSD,buy,0.37,4 375.36,4 362.00,4 408.76,2026.01.02 12:20:10,4 388.54,-2.6,0,487.66
2026.01.02 09:40:09,1390343037,XAUUSD,buy,0.29,4 379.39,4 362.00,4 422.87,2026.01.02 12:40:09,4 394.22,-2.04,0,430.07
2026.01.02 12:20:10,1390549054,XAUUSD,buy,0.43,4 388.52,4 377.00,4 417.32,2026.01.02 15:20:09,4 397.78,-3.02,0,398.18
2026.01.02 13:00:09,1390600167,XAUUSD,sell,0.68,4 396.92,4 404.50,4 378.67,2026.01.02 15:25:03,4 378.60,-4.76,0,1 245.76
2026.01.02 13:20:10,1390617458,XAUUSD,sell,0.61,4 396.31,4 404.50,4 375.84,2026.01.02 15:29:33,4 373.60,-4.28,0,1 385.31
2026.01.02 15:20:10,1390770669,XAUUSD,sell,0.71,4 397.53,4 404.50,4 379.72,2026.01.02 15:25:02,4 379.18,-4.98,0,1 302.85
2026.01.02 15:40:09,1390832401,XAUUSD,sell,0.14,4 368.83,4 404.50,4 278.32,2026.01.02 18:40:09,4 321.76,-0.98,0,658.98
2026.01.02 15:40:09,1390832420,XAUUSD,sell,0.14,4 368.91,4 404.50,4 279.65,2026.01.02 18:40:10,4 321.66,-0.98,0,661.5
2026.01.02 15:40:10,1390832434,XAUUSD,sell,0.14,4 368.92,4 404.50,4 279.93,2026.01.02 18:40:10,4 321.66,-0.98,0,661.64
2026.01.02 20:00:09,1391413387,XAUUSD,sell,0.4,4 321.56,4 334.00,4 290.60,2026.01.02 23:00:10,4 331.62,-2.8,0,-402.4
2026.01.02 20:00:09,1391413416,XAUUSD,sell,0.4,4 321.56,4 334.00,4 290.46,2026.01.02 23:00:10,4 331.58,-2.8,0,-400.8
2026.01.02 20:20:09,1391445541,XAUUSD,sell,0.36,4 318.64,4 332.50,4 283.64,2026.01.02 23:20:10,4 328.50,-2.52,0,-354.96
2026.01.02 23:20:10,1391632425,XAUUSD,sell,0.71,4 328.45,4 335.50,4 310.82,2026.01.02 23:55:06,4 335.74,-4.98,0,-517.59
2026.01.02 23:20:10,1391632428,XAUUSD,sell,0.71,4 328.45,4 335.50,4 310.82,2026.01.02 23:55:06,4 335.74,-4.98,0,-517.59
2026.01.02 23:20:11,1391632429,XAUUSD,sell,0.71,4 328.45,4 335.50,4 310.82,2026.01.02 23:55:06,4 335.74,-4.98,0,-517.59
2026.01.05 03:20:10,1392387849,XAUUSD,sell,0.54,4 395.29,4 404.50,4 372.20,2026.01.05 03:26:06,4 404.80,-3.78,0,-513.54
2026.01.05 03:20:10,1392387867,XAUUSD,sell,0.54,4 395.68,4 404.50,4 372.26,2026.01.05 03:26:06,4 404.80,-3.78,0,-492.48
2026.01.05 05:40:09,1392595811,XAUUSD,sell,0.52,4 408.46,4 418.00,4 384.61,2026.01.05 08:11:53,4 418.07,-3.64,0,-499.72
2026.01.05 05:40:09,1392595821,XAUUSD,sell,0.52,4 408.56,4 418.00,4 384.61,2026.01.05 08:11:53,4 418.07,-3.64,0,-494.52
2026.01.05 06:00:09,1392616700,XAUUSD,sell,0.27,4 399.61,4 418.00,4 353.63,2026.01.05 08:11:53,4 418.07,-1.9,0,-498.42
2026.01.05 08:40:23,1392796948,XAUUSD,buy,1.5,4 422.30,4 419.00,4 430.65,2026.01.05 08:51:51,4 418.76,-10.5,0,-531
2026.01.05 08:40:23,1392796949,XAUUSD,sell,3.79,4 422.22,4 423.50,4 418.88,2026.01.05 08:40:41,4 423.83,-26.54,0,-610.19
2026.01.05 08:40:24,1392796951,XAUUSD,sell,3.91,4 422.22,4 423.50,4 419.02,2026.01.05 08:40:41,4 423.83,-27.38,0,-629.51
2026.01.05 09:20:09,1392836898,XAUUSD,buy,0.5,4 422.38,4 412.50,4 447.22,2026.01.05 12:20:09,4 432.31,-3.5,0,496.5
2026.01.05 09:20:10,1392836913,XAUUSD,buy,0.51,4 422.48,4 412.50,4 447.08,2026.01.05 12:20:10,4 432.31,-3.58,0,501.33
2026.01.05 09:40:10,1392856846,XAUUSD,buy,0.47,4 422.99,4 412.50,4 449.88,2026.01.05 12:40:09,4 435.96,-3.3,0,609.59
2026.01.05 13:40:09,1393205740,XAUUSD,sell,2.02,4 422.04,4 424.50,4 415.82,2026.01.05 13:43:33,4 424.47,-14.14,0,-490.86
2026.01.05 18:20:09,1393881797,XAUUSD,sell,0.37,4 447.02,4 460.50,4 412.76,2026.01.05 21:20:09,4 440.65,-2.6,0,235.69
2026.01.05 18:20:10,1393881812,XAUUSD,sell,0.37,4 446.92,4 460.50,4 413.32,2026.01.05 21:20:11,4 440.66,-2.6,0,231.62
2026.01.05 18:40:10,1393917541,XAUUSD,sell,0.48,4 444.98,4 455.50,4 418.79,2026.01.05 21:40:09,4 445.37,-3.36,0,-18.72
2026.01.05 21:20:11,1394204386,XAUUSD,sell,0.29,4 440.61,4 458.00,4 397.31,2026.01.06 01:05:45,4 455.12,-2.04,13.89,-420.79
2026.01.05 21:20:11,1394204409,XAUUSD,sell,0.29,4 440.66,4 458.00,4 397.13,2026.01.06 01:05:45,4 455.11,-2.04,13.89,-419.05
2026.01.05 21:40:09,1394229640,XAUUSD,buy,0.34,4 445.37,4 430.50,4 482.55,2026.01.06 01:05:46,4 455.04,-2.38,-19.18,328.78
2026.01.06 01:20:09,1394432815,XAUUSD,sell,5.32,4 453.06,4 454.00,4 450.71,2026.01.06 01:25:06,4 450.67,-37.24,0,1 271.48
2026.01.06 02:20:09,1394493525,XAUUSD,sell,1.77,4 441.17,4 444.00,4 434.10,2026.01.06 02:31:18,4 444.07,-12.4,0,-513.3
2026.01.06 02:20:09,1394493531,XAUUSD,buy,0.47,4 441.22,4 430.50,4 468.02,2026.01.06 02:40:35,4 430.59,-3.3,0,-499.61
2026.01.06 02:20:09,1394493533,XAUUSD,buy,0.47,4 441.65,4 430.50,4 468.02,2026.01.06 02:40:35,4 430.59,-3.3,0,-519.82
2026.01.06 03:00:09,1394534377,XAUUSD,buy,0.45,4 439.04,4 427.50,4 466.70,2026.01.06 05:18:13,4 466.65,-3.16,0,1 242.45
2026.01.06 03:00:09,1394534416,XAUUSD,sell,1.62,4 438.82,4 442.00,4 431.22,2026.01.06 03:02:58,4 431.20,-11.34,0,1 234.44
2026.01.06 03:00:10,1394534448,XAUUSD,buy,0.44,4 438.96,4 427.50,4 467.54,2026.01.06 05:24:47,4 467.59,-3.08,0,1 259.72
2026.01.06 03:20:09,1394568426,XAUUSD,sell,7.35,4 440.20,4 441.00,4 438.62,2026.01.06 03:20:10,4 440.96,-51.46,0,-558.6
2026.01.06 04:40:09,1394668205,XAUUSD,sell,0.3,4 451.61,4 468.00,4 410.15,2026.01.06 05:24:48,4 468.06,-2.1,0,-493.5
2026.01.06 05:20:09,1394723969,XAUUSD,buy,0.33,4 464.36,4 449.50,4 502.10,2026.01.06 08:20:09,4 456.66,-2.32,0,-254.1
2026.01.06 07:20:09,1394829580,XAUUSD,sell,3.82,4 469.17,4 470.50,4 465.91,2026.01.06 07:29:13,4 470.80,-26.74,0,-622.66
2026.01.06 07:20:09,1394829590,XAUUSD,sell,3.76,4 469.17,4 470.50,4 465.85,2026.01.06 07:29:13,4 470.80,-26.32,0,-612.88
2026.01.06 08:20:10,1394917334,XAUUSD,buy,0.46,4 456.78,4 446.00,4 483.73,2026.01.06 11:20:10,4 453.90,-3.22,0,-132.48
2026.01.06 08:20:10,1394917337,XAUUSD,buy,0.46,4 456.76,4 446.00,4 483.73,2026.01.06 11:20:11,4 453.50,-3.22,0,-149.96
2026.01.06 08:20:11,1394917343,XAUUSD,buy,0.46,4 456.78,4 446.00,4 483.66,2026.01.06 11:20:12,4 453.44,-3.22,0,-153.64
2026.01.06 11:20:11,1395166452,XAUUSD,sell,0.41,4 453.86,4 466.00,4 423.65,2026.01.06 14:20:09,4 461.94,-2.88,0,-331.28
2026.01.06 11:20:11,1395166552,XAUUSD,sell,0.4,4 453.45,4 466.00,4 422.25,2026.01.06 14:20:10,4 461.94,-2.8,0,-339.6
2026.01.06 11:40:09,1395189571,XAUUSD,buy,0.62,4 456.03,4 448.00,4 476.28,2026.01.06 11:47:46,4 447.84,-4.34,0,-507.78
2026.01.06 12:00:09,1395224035,XAUUSD,sell,0.26,4 445.62,4 465.00,4 397.17,2026.01.06 14:22:24,4 465.00,-1.82,0,-503.88
2026.01.06 14:40:09,1395417964,XAUUSD,sell,0.48,4 460.69,4 471.00,4 434.91,2026.01.06 16:02:25,4 471.03,-3.36,0,-496.32
2026.01.06 14:40:10,1395417973,XAUUSD,sell,0.48,4 460.69,4 471.00,4 434.91,2026.01.06 16:02:25,4 471.03,-3.36,0,-496.32
2026.01.06 15:00:09,1395447867,XAUUSD,sell,0.81,4 464.89,4 471.00,4 449.51,2026.01.06 16:02:25,4 471.03,-5.68,0,-497.34
2026.01.06 17:40:09,1395875598,XAUUSD,buy,1.07,4 471.73,4 467.00,4 483.41,2026.01.06 18:25:54,4 483.44,-7.5,0,1 252.97
2026.01.06 19:40:09,1396114107,XAUUSD,sell,0.78,4 486.60,4 493.00,4 470.60,2026.01.06 20:17:33,4 493.05,-5.46,0,-503.1
2026.01.06 19:40:10,1396114121,XAUUSD,sell,0.78,4 486.60,4 493.00,4 470.60,2026.01.06 20:17:33,4 493.05,-5.46,0,-503.1
2026.01.06 20:00:09,1396154237,XAUUSD,sell,1.4,4 489.48,4 493.00,4 480.54,2026.01.06 20:17:33,4 493.05,-9.8,0,-499.8
2026.01.06 21:00:09,1396245982,XAUUSD,buy,0.32,4 488.72,4 473.00,4 528.02,2026.01.07 01:05:49,4 499.00,-2.24,-18.59,328.96
2026.01.06 21:00:09,1396246000,XAUUSD,buy,0.32,4 488.72,4 473.00,4 528.02,2026.01.07 01:05:49,4 498.98,-2.24,-18.59,328.32
2026.01.06 21:00:10,1396246009,XAUUSD,buy,0.32,4 488.72,4 473.00,4 528.02,2026.01.07 01:05:50,4 498.98,-2.24,-18.59,328.32
2026.01.07 01:20:10,1396459962,XAUUSD,buy,2.33,4 499.13,4 497.00,4 504.52,2026.01.07 01:39:11,4 496.99,-16.32,0,-498.62
2026.01.07 01:20:10,1396459980,XAUUSD,buy,2.34,4 499.14,4 497.00,4 504.49,2026.01.07 01:39:11,4 496.99,-16.38,0,-503.1
2026.01.07 01:40:09,1396475232,XAUUSD,sell,0.41,4 495.72,4 508.00,4 464.99,2026.01.07 03:56:36,4 464.03,-2.88,0,1 299.29
2026.01.07 01:40:10,1396475237,XAUUSD,sell,0.41,4 495.80,4 508.00,4 464.95,2026.01.07 03:56:36,4 464.03,-2.88,0,1 302.57
2026.01.07 02:00:10,1396496028,XAUUSD,sell,0.36,4 494.14,4 508.00,4 459.18,2026.01.07 05:00:09,4 475.90,-2.52,0,656.64
2026.01.07 04:00:09,1396671678,XAUUSD,buy,0.71,4 466.18,4 459.00,4 483.50,2026.01.07 07:00:10,4 464.21,-4.98,0,-139.87
2026.01.07 04:00:10,1396671709,XAUUSD,sell,0.59,4 466.06,4 474.50,4 444.96,2026.01.07 04:11:43,4 474.62,-4.14,0,-505.04
2026.01.07 04:20:09,1396698289,XAUUSD,buy,0.28,4 471.44,4 453.50,4 516.29,2026.01.07 07:20:09,4 467.51,-1.96,0,-110.04
2026.01.07 05:00:10,1396734169,XAUUSD,sell,1.19,4 475.79,4 480.00,4 465.26,2026.01.07 05:19:35,4 480.03,-8.34,0,-504.56
2026.01.07 06:20:09,1396799898,XAUUSD,sell,0.3,4 468.49,4 485.00,4 427.15,2026.01.07 09:20:09,4 451.46,-2.1,0,510.9
2026.01.07 07:00:10,1396832846,XAUUSD,buy,1.04,4 464.32,4 459.50,4 476.37,2026.01.07 07:33:00,4 459.46,-7.28,0,-505.44
2026.01.07 07:20:09,1396850530,XAUUSD,buy,0.62,4 467.52,4 459.50,4 487.71,2026.01.07 07:33:00,4 459.46,-4.34,0,-499.72
2026.01.07 08:00:09,1396908534,XAUUSD,buy,1.01,4 454.47,4 449.50,4 466.90,2026.01.07 08:33:52,4 449.48,-7.08,0,-503.99
2026.01.07 09:00:10,1396984477,XAUUSD,buy,1.14,4 443.50,4 439.00,4 454.33,2026.01.07 09:26:51,4 454.34,-7.98,0,1 235.76
2026.01.07 09:20:10,1397005054,XAUUSD,buy,0.4,4 451.46,4 439.00,4 482.61,2026.01.07 12:20:09,4 465.26,-2.8,0,552
2026.01.07 09:20:11,1397005060,XAUUSD,buy,0.4,4 451.46,4 439.00,4 482.61,2026.01.07 12:20:10,4 465.26,-2.8,0,552
2026.01.07 09:40:09,1397028314,XAUUSD,buy,0.25,4 459.03,4 439.00,4 509.52,2026.01.07 12:40:10,4 464.89,-1.76,0,146.5
2026.01.07 12:40:10,1397253556,XAUUSD,sell,0.41,4 464.88,4 477.00,4 434.62,2026.01.07 15:08:49,4 434.54,-2.88,0,1 243.94
2026.01.07 12:40:10,1397253562,XAUUSD,sell,0.41,4 464.88,4 477.00,4 434.58,2026.01.07 15:08:49,4 434.54,-2.88,0,1 243.94
2026.01.07 13:00:09,1397276122,XAUUSD,sell,0.4,4 464.41,4 477.00,4 432.93,2026.01.07 15:09:01,4 433.21,-2.8,0,1 248.00
2026.01.07 15:40:10,1397545573,XAUUSD,buy,0.28,4 442.39,4 424.50,4 487.12,2026.01.07 17:16:38,4 424.29,-1.96,0,-506.8
2026.01.07 15:40:10,1397545587,XAUUSD,buy,0.28,4 442.23,4 424.50,4 487.05,2026.01.07 17:16:38,4 424.29,-1.96,0,-502.32
2026.01.07 15:40:11,1397545624,XAUUSD,buy,0.28,4 442.18,4 424.50,4 486.55,2026.01.07 17:16:38,4 424.29,-1.96,0,-500.92
2026.01.07 17:20:09,1397828000,XAUUSD,sell,0.16,4 425.58,4 456.00,4 347.01,2026.01.07 18:22:03,4 455.97,-1.12,0,-486.24
2026.01.07 17:20:10,1397828036,XAUUSD,sell,0.16,4 425.37,4 456.00,4 349.53,2026.01.07 18:22:03,4 455.97,-1.12,0,-489.6
2026.01.07 17:20:10,1397828062,XAUUSD,sell,0.16,4 425.37,4 456.00,4 348.80,2026.01.07 18:22:03,4 455.97,-1.12,0,-489.6
2026.01.07 19:20:09,1398095381,XAUUSD,buy,0.65,4 461.75,4 454.00,4 481.05,2026.01.07 19:51:55,4 453.02,-4.56,0,-567.45
2026.01.07 19:40:09,1398120406,XAUUSD,buy,2.23,4 459.25,4 457.00,4 464.84,2026.01.07 19:41:05,4 456.99,-15.62,0,-503.98
2026.01.07 20:40:09,1398215022,XAUUSD,buy,0.25,4 458.36,4 438.00,4 509.26,2026.01.07 23:40:09,4 454.00,-1.76,0,-109
2026.01.07 20:40:10,1398215032,XAUUSD,buy,0.25,4 458.36,4 438.00,4 509.26,2026.01.07 23:40:10,4 454.00,-1.76,0,-109
2026.01.07 20:40:10,1398215041,XAUUSD,buy,0.25,4 458.41,4 438.00,4 509.30,2026.01.07 23:40:10,4 454.00,-1.76,0,-110.25
2026.01.08 01:40:09,1398469617,XAUUSD,sell,1.2,4 461.34,4 465.50,4 450.90,2026.01.08 02:01:21,4 465.56,-8.4,0,-506.4
2026.01.08 02:40:10,1398522811,XAUUSD,sell,0.67,4 454.35,4 462.00,4 435.75,2026.01.08 04:33:59,4 435.82,-4.7,0,1 241.51
2026.01.08 02:40:10,1398522822,XAUUSD,sell,0.65,4 454.35,4 462.00,4 435.23,2026.01.08 04:37:01,4 435.17,-4.56,0,1 246.70
2026.01.08 03:00:09,1398545160,XAUUSD,sell,0.29,4 448.35,4 465.50,4 405.48,2026.01.08 06:00:09,4 439.11,-2.04,0,267.96
2026.01.08 04:40:09,1398674493,XAUUSD,buy,1.02,4 439.37,4 434.50,4 451.58,2026.01.08 06:38:56,4 434.69,-7.14,0,-477.36
2026.01.08 05:40:10,1398745339,XAUUSD,buy,0.54,4 441.31,4 432.00,4 464.59,2026.01.08 06:45:02,4 431.96,-3.78,0,-504.9
2026.01.08 06:00:09,1398761458,XAUUSD,sell,0.35,4 439.05,4 453.50,4 402.93,2026.01.08 09:00:10,4 433.78,-2.46,0,184.45
2026.01.08 07:00:10,1398812671,XAUUSD,sell,1.34,4 431.27,4 435.00,4 421.95,2026.01.08 07:30:01,4 421.94,-9.38,0,1 250.22
2026.01.08 07:00:10,1398812690,XAUUSD,sell,1.34,4 431.27,4 435.00,4 421.95,2026.01.08 07:30:01,4 421.94,-9.38,0,1 250.22
2026.01.08 09:00:09,1399021549,XAUUSD,sell,0.68,4 433.68,4 441.00,4 415.38,2026.01.08 12:00:10,4 432.63,-4.76,0,71.4
2026.01.08 09:00:10,1399021580,XAUUSD,sell,0.68,4 433.68,4 441.00,4 415.41,2026.01.08 12:00:11,4 432.65,-4.76,0,70.04
2026.01.08 09:20:09,1399049794,XAUUSD,sell,0.84,4 435.10,4 441.00,4 420.21,2026.01.08 10:43:26,4 420.21,-5.88,0,1 250.76
2026.01.08 11:20:09,1399238487,XAUUSD,sell,0.44,4 427.60,4 439.00,4 399.03,2026.01.08 14:20:10,4 414.22,-3.08,0,588.72
2026.01.08 12:00:10,1399288981,XAUUSD,sell,0.78,4 432.60,4 439.00,4 416.53,2026.01.08 14:04:51,4 415.82,-5.46,0,1 308.84
2026.01.08 12:20:09,1399315394,XAUUSD,sell,0.33,4 423.66,4 439.00,4 385.35,2026.01.08 15:20:10,4 427.85,-2.32,0,-138.27
2026.01.08 14:40:09,1399524030,XAUUSD,buy,0.22,4 427.80,4 405.00,4 484.49,2026.01.08 17:40:09,4 451.22,-1.54,0,515.24
2026.01.08 14:40:09,1399524049,XAUUSD,buy,0.22,4 428.05,4 405.00,4 484.70,2026.01.08 17:40:09,4 451.22,-1.54,0,509.74
2026.01.08 15:20:10,1399595469,XAUUSD,sell,0.62,4 427.70,4 435.50,4 407.40,2026.01.08 15:25:27,4 436.09,-4.34,0,-520.18
2026.01.08 15:40:09,1399642319,XAUUSD,sell,0.65,4 427.60,4 435.50,4 408.51,2026.01.08 15:44:04,4 435.62,-4.56,0,-521.3
2026.01.08 16:00:09,1399690638,XAUUSD,sell,0.32,4 422.42,4 438.00,4 383.47,2026.01.08 16:50:11,4 438.06,-2.24,0,-500.48
2026.01.08 17:20:09,1399952202,XAUUSD,buy,0.24,4 449.88,4 429.50,4 501.60,2026.01.08 20:20:09,4 453.26,-1.68,0,81.12
2026.01.08 18:00:09,1400043351,XAUUSD,sell,0.84,4 453.69,4 459.50,4 438.60,2026.01.08 18:33:04,4 459.60,-5.88,0,-496.44
2026.01.08 18:00:09,1400043382,XAUUSD,sell,0.86,4 453.94,4 459.50,4 439.16,2026.01.08 18:33:04,4 459.60,-6.02,0,-486.76
2026.01.08 19:00:09,1400153314,XAUUSD,sell,1.85,4 464.31,4 467.00,4 457.51,2026.01.08 20:04:04,4 457.52,-12.96,0,1 256.15
2026.01.08 19:20:09,1400183281,XAUUSD,sell,0.55,4 459.35,4 468.50,4 436.51,2026.01.08 22:20:14,4 459.01,-3.86,0,18.7
2026.01.08 20:20:09,1400270707,XAUUSD,sell,0.41,4 453.17,4 465.50,4 422.66,2026.01.08 22:25:11,4 465.73,-2.88,0,-514.96
2026.01.08 20:20:10,1400270730,XAUUSD,sell,0.41,4 453.07,4 465.50,4 422.35,2026.01.08 22:25:11,4 465.73,-2.88,0,-519.06
2026.01.08 23:00:09,1400510851,XAUUSD,sell,0.81,4 478.27,4 484.50,4 462.94,2026.01.09 02:00:09,4 475.39,-5.68,40.39,233.28
2026.01.08 23:20:09,1400528400,XAUUSD,sell,0.49,4 474.41,4 484.50,4 449.05,2026.01.09 02:20:09,4 470.95,-3.44,24.43,169.54
2026.01.08 23:20:09,1400528408,XAUUSD,sell,0.5,4 474.41,4 484.50,4 449.18,2026.01.09 02:20:10,4 470.90,-3.5,24.93,175.5
2026.01.09 02:00:09,1400628964,XAUUSD,buy,0.44,4 475.39,4 464.00,4 503.87,2026.01.09 02:28:29,4 463.80,-3.08,0,-509.96
2026.01.09 02:20:10,1400650873,XAUUSD,sell,0.45,4 470.81,4 482.00,4 443.01,2026.01.09 05:20:09,4 464.76,-3.16,0,272.25
2026.01.09 02:40:10,1400679090,XAUUSD,sell,0.35,4 467.78,4 482.00,4 432.16,2026.01.09 05:40:18,4 465.59,-2.46,0,76.65
2026.01.09 02:40:10,1400679096,XAUUSD,sell,0.35,4 467.78,4 482.00,4 432.23,2026.01.09 05:40:19,4 465.59,-2.46,0,76.65
2026.01.09 05:40:19,1400897091,XAUUSD,sell,0.44,4 465.54,4 477.00,4 436.89,2026.01.09 08:40:09,4 474.26,-3.08,0,-383.68
2026.01.09 05:40:20,1400897099,XAUUSD,sell,0.44,4 465.54,4 477.00,4 436.89,2026.01.09 08:40:09,4 474.32,-3.08,0,-386.32
2026.01.09 06:00:09,1400910347,XAUUSD,sell,0.39,4 464.38,4 477.00,4 432.34,2026.01.09 08:48:12,4 477.42,-2.74,0,-508.56
2026.01.09 09:00:09,1401094047,XAUUSD,sell,1.62,4 473.89,4 477.00,4 466.22,2026.01.09 10:13:35,4 477.04,-11.34,0,-510.3
2026.01.09 09:20:09,1401119722,XAUUSD,sell,0.54,4 472.69,4 482.00,4 449.80,2026.01.09 12:20:09,4 473.16,-3.78,0,-25.38
2026.01.09 09:20:10,1401119788,XAUUSD,sell,0.53,4 472.63,4 482.00,4 449.20,2026.01.09 12:20:09,4 473.16,-3.72,0,-28.09
2026.01.09 10:20:10,1401207711,XAUUSD,sell,0.65,4 474.28,4 482.00,4 455.01,2026.01.09 13:20:19,4 472.10,-4.56,0,141.7
2026.01.09 12:20:10,1401358527,XAUUSD,buy,4.31,4 473.13,4 472.00,4 476.06,2026.01.09 12:24:09,4 471.96,-30.18,0,-504.27
2026.01.09 12:40:12,1401381122,XAUUSD,sell,0.44,4 470.52,4 482.00,4 441.79,2026.01.09 15:32:28,4 482.08,-3.08,0,-508.64
2026.01.09 12:40:12,1401381124,XAUUSD,sell,0.44,4 470.52,4 482.00,4 441.82,2026.01.09 15:32:28,4 482.08,-3.08,0,-508.64
2026.01.09 14:00:09,1401466449,XAUUSD,sell,0.95,4 476.70,4 482.00,4 463.49,2026.01.09 14:33:08,4 462.25,-6.66,0,1 372.75
2026.01.09 15:00:10,1401567023,XAUUSD,buy,0.37,4 466.93,4 453.50,4 501.10,2026.01.09 17:21:24,4 501.23,-2.6,0,1 269.10
2026.01.09 16:00:09,1401764388,XAUUSD,sell,0.39,4 484.96,4 497.00,4 452.34,2026.01.09 16:36:32,4 497.00,-2.74,0,-469.56
2026.01.09 16:00:10,1401764491,XAUUSD,sell,0.42,4 484.80,4 497.00,4 454.86,2026.01.09 16:36:32,4 497.00,-2.94,0,-512.4
2026.01.09 16:40:10,1401887210,XAUUSD,buy,0.24,4 495.79,4 475.00,4 548.22,2026.01.09 19:40:10,4 505.22,-1.68,0,226.32
2026.01.09 16:40:10,1401887239,XAUUSD,buy,0.24,4 496.13,4 475.00,4 548.92,2026.01.09 19:40:10,4 505.18,-1.68,0,217.2
2026.01.09 17:40:10,1402086545,XAUUSD,buy,0.31,4 515.17,4 499.00,4 555.38,2026.01.09 19:48:54,4 498.73,-2.18,0,-509.64
2026.01.09 21:20:10,1402493011,XAUUSD,buy,0.82,4 498.10,4 492.00,4 513.28,2026.01.12 01:02:00,4 516.25,-5.74,-47.2,1 488.30
2026.01.09 21:20:10,1402493014,XAUUSD,buy,0.82,4 498.10,4 492.00,4 513.35,2026.01.12 01:02:00,4 516.25,-5.74,-47.2,1 488.30
2026.01.09 21:40:09,1402516958,XAUUSD,buy,0.34,4 500.23,4 485.50,4 537.05,2026.01.12 01:20:09,4 533.04,-2.38,-19.57,1 115.54
2026.01.12 01:20:09,1403105820,XAUUSD,buy,0.26,4 533.14,4 514.00,4 580.99,2026.01.12 02:36:44,4 581.01,-1.82,0,1 244.62
2026.01.12 01:20:10,1403105826,XAUUSD,buy,0.26,4 533.12,4 514.00,4 580.99,2026.01.12 02:36:44,4 581.01,-1.82,0,1 245.14
2026.01.12 02:20:09,1403207946,XAUUSD,buy,0.36,4 562.86,4 549.00,4 597.48,2026.01.12 02:48:38,4 597.62,-2.52,0,1 251.36
2026.01.12 03:40:10,1403397523,XAUUSD,buy,0.41,4 579.82,4 567.50,4 610.59,2026.01.12 04:03:27,4 567.59,-2.88,0,-501.43
2026.01.12 03:40:10,1403397538,XAUUSD,buy,0.41,4 579.89,4 567.50,4 610.62,2026.01.12 04:03:27,4 567.59,-2.88,0,-504.3
2026.01.12 04:00:19,1403429276,XAUUSD,buy,0.97,4 572.82,4 567.50,4 585.63,2026.01.12 04:03:27,4 567.59,-6.8,0,-507.31
2026.01.12 05:40:10,1403559533,XAUUSD,buy,1.54,4 576.74,4 573.50,4 584.84,2026.01.12 05:43:32,4 573.48,-10.78,0,-502.04
2026.01.12 07:00:09,1403640503,XAUUSD,buy,0.44,4 568.34,4 557.00,4 596.69,2026.01.12 10:00:09,4 586.43,-3.08,0,795.96
2026.01.12 07:00:10,1403640522,XAUUSD,buy,0.44,4 568.27,4 557.00,4 596.69,2026.01.12 10:00:09,4 586.29,-3.08,0,792.88
2026.01.12 07:20:09,1403660170,XAUUSD,buy,0.33,4 572.28,4 557.00,4 610.48,2026.01.12 10:20:14,4 582.88,-2.32,0,349.8
2026.01.12 10:20:14,1403910950,XAUUSD,sell,0.56,4 582.89,4 592.00,4 560.85,2026.01.12 10:47:45,4 592.16,-3.92,0,-519.12
2026.01.12 10:20:15,1403911105,XAUUSD,sell,0.55,4 582.89,4 592.00,4 560.08,2026.01.12 10:47:45,4 592.16,-3.86,0,-509.85
2026.01.12 10:20:15,1403911135,XAUUSD,sell,0.55,4 582.80,4 592.00,4 560.12,2026.01.12 10:47:45,4 592.16,-3.86,0,-514.8
2026.01.12 11:40:09,1404042089,XAUUSD,sell,0.87,4 594.30,4 600.00,4 579.98,2026.01.12 14:08:50,4 580.36,-6.1,0,1 212.78
2026.01.12 11:40:09,1404042112,XAUUSD,sell,0.88,4 594.27,4 600.00,4 580.05,2026.01.12 14:08:50,4 580.36,-6.16,0,1 224.08
2026.01.12 12:00:10,1404071230,XAUUSD,sell,0.41,4 590.64,4 603.00,4 560.16,2026.01.12 15:00:09,4 590.05,-2.88,0,24.19
2026.01.12 14:20:10,1404272338,XAUUSD,buy,1.38,4 580.11,4 576.50,4 589.20,2026.01.12 14:51:52,4 589.21,-9.66,0,1 255.80
2026.01.12 14:40:09,1404301849,XAUUSD,buy,0.34,4 585.24,4 570.50,4 622.09,2026.01.12 17:26:29,4 622.02,-2.38,0,1 250.52
2026.01.12 16:40:09,1404618824,XAUUSD,buy,0.29,4 609.52,4 592.50,4 652.07,2026.01.12 19:40:09,4 613.76,-2.04,0,122.96
2026.01.12 16:40:11,1404618861,XAUUSD,buy,0.29,4 610.05,4 592.50,4 652.28,2026.01.12 19:40:10,4 613.79,-2.04,0,108.46
2026.01.12 18:00:10,1404830924,XAUUSD,sell,0.68,4 622.04,4 629.50,4 603.63,2026.01.12 18:14:08,4 629.62,-4.76,0,-515.44
2026.01.12 18:40:10,1404911378,XAUUSD,sell,0.24,4 613.16,4 634.00,4 560.64,2026.01.12 21:40:09,4 616.81,-1.68,0,-87.6
2026.01.12 20:00:09,1405039999,XAUUSD,buy,0.41,4 617.23,4 605.00,4 647.32,2026.01.12 20:16:08,4 604.30,-2.88,0,-530.13
2026.01.12 20:00:10,1405040013,XAUUSD,buy,0.41,4 617.23,4 605.00,4 647.80,2026.01.12 20:16:08,4 604.30,-2.88,0,-530.13
2026.01.12 21:00:09,1405128355,XAUUSD,buy,0.41,4 611.04,4 599.00,4 641.32,2026.01.12 22:42:13,4 599.01,-2.88,0,-493.23
2026.01.12 21:00:10,1405128378,XAUUSD,buy,0.42,4 611.03,4 599.00,4 641.14,2026.01.12 22:42:13,4 599.01,-2.94,0,-504.84
2026.01.12 22:00:09,1405191888,XAUUSD,sell,0.43,4 610.95,4 622.50,4 582.07,2026.01.13 01:05:49,4 593.63,-3.02,21.61,744.76
2026.01.13 02:20:09,1405438192,XAUUSD,sell,0.46,4 594.66,4 605.50,4 567.60,2026.01.13 05:20:09,4 597.74,-3.22,0,-141.68
2026.01.13 02:20:10,1405438205,XAUUSD,sell,0.46,4 594.66,4 605.50,4 567.56,2026.01.13 05:20:09,4 597.69,-3.22,0,-139.38
2026.01.13 03:00:09,1405484957,XAUUSD,buy,0.51,4 586.20,4 576.50,4 610.62,2026.01.13 03:32:01,4 575.98,-3.58,0,-521.22
2026.01.13 03:40:09,1405555419,XAUUSD,buy,0.67,4 583.90,4 576.50,4 602.47,2026.01.13 06:40:09,4 595.86,-4.7,0,801.32
2026.01.13 11:00:10,1406088481,XAUUSD,sell,0.55,4 592.94,4 602.00,4 570.12,2026.01.13 14:00:09,4 588.96,-3.86,0,218.9
2026.01.13 11:00:10,1406088505,XAUUSD,sell,0.55,4 592.88,4 602.00,4 570.29,2026.01.13 14:00:10,4 588.86,-3.86,0,221.1
2026.01.13 11:20:09,1406114443,XAUUSD,sell,0.54,4 592.80,4 602.00,4 569.84,2026.01.13 14:20:09,4 583.90,-3.78,0,480.6
2026.01.13 15:20:09,1406444447,XAUUSD,buy,4.13,4 601.92,4 601.00,4 605.24,2026.01.13 15:24:31,4 605.37,-28.92,0,1 424.85
2026.01.13 16:00:09,1406593090,XAUUSD,sell,0.43,4 610.54,4 622.00,4 581.26,2026.01.13 16:22:56,4 622.08,-3.02,0,-496.22
2026.01.13 16:00:10,1406593117,XAUUSD,sell,0.44,4 610.36,4 622.00,4 581.89,2026.01.13 16:22:56,4 622.08,-3.08,0,-515.68
2026.01.13 16:40:10,1406708060,XAUUSD,sell,0.85,4 616.66,4 622.50,4 601.99,2026.01.13 16:43:22,4 622.72,-5.96,0,-515.1
2026.01.13 16:40:10,1406708093,XAUUSD,sell,0.86,4 616.36,4 622.50,4 602.06,2026.01.13 16:43:22,4 622.72,-6.02,0,-546.96
2026.01.13 18:20:19,1407035896,XAUUSD,sell,0.25,4 609.86,4 629.50,4 560.73,2026.01.13 21:20:10,4 591.37,-1.76,0,462.25
2026.01.13 18:20:19,1407035905,XAUUSD,sell,0.25,4 609.87,4 629.50,4 560.65,2026.01.13 21:20:11,4 591.41,-1.76,0,461.5
2026.01.13 18:20:20,1407035911,XAUUSD,sell,0.25,4 609.82,4 629.50,4 560.80,2026.01.13 21:20:11,4 591.44,-1.76,0,459.5
2026.01.13 23:40:09,1407579671,XAUUSD,buy,0.34,4 588.01,4 573.50,4 624.35,2026.01.14 02:40:10,4 608.42,-2.38,-20.1,693.94
2026.01.13 23:40:10,1407579673,XAUUSD,buy,0.34,4 587.99,4 573.50,4 624.29,2026.01.14 02:40:11,4 608.22,-2.38,-20.1,687.82
2026.01.14 01:20:09,1407636502,XAUUSD,buy,0.26,4 595.47,4 576.50,4 642.62,2026.01.14 04:20:09,4 618.48,-1.82,0,598.26
2026.01.14 02:40:10,1407713353,XAUUSD,sell,3.16,4 608.24,4 610.00,4 604.47,2026.01.14 02:41:49,4 610.51,-22.12,0,-717.32
2026.01.14 03:20:10,1407764092,XAUUSD,buy,0.59,4 617.26,4 609.00,4 638.54,2026.01.14 06:20:10,4 628.30,-4.14,0,651.36
2026.01.14 03:20:10,1407764103,XAUUSD,buy,0.61,4 617.31,4 609.00,4 637.91,2026.01.14 06:20:10,4 628.31,-4.28,0,671
2026.01.14 05:00:09,1407875866,XAUUSD,sell,0.42,4 620.54,4 632.50,4 590.50,2026.01.14 07:01:38,4 632.80,-2.94,0,-514.92
2026.01.14 06:40:09,1407981095,XAUUSD,sell,0.49,4 628.26,4 638.50,4 602.66,2026.01.14 07:02:03,4 638.46,-3.44,0,-499.8
2026.01.14 07:00:09,1408000808,XAUUSD,sell,2.31,4 630.34,4 632.50,4 624.94,2026.01.14 07:01:38,4 632.80,-16.18,0,-568.26
2026.01.14 08:00:09,1408085178,XAUUSD,sell,0.25,4 621.63,4 642.00,4 571.65,2026.01.14 11:00:10,4 634.60,-1.76,0,-324.25
2026.01.14 08:00:10,1408085200,XAUUSD,sell,0.25,4 621.64,4 642.00,4 570.70,2026.01.14 11:00:10,4 634.65,-1.76,0,-325.25
2026.01.14 08:00:10,1408085234,XAUUSD,sell,0.25,4 621.78,4 642.00,4 570.74,2026.01.14 11:00:11,4 634.62,-1.76,0,-321
