OpenTime,Position,Symbol,Type,Volume,OpenPrice,S / L,T / P,CloseTime,ClosePrice,Commission,Swap,Profit
2025.12.22 21:20:08,1377252975,XAUUSD,sell,2.09,4 430.22,4 435.00,4 418.27,2025.12.22 22:00:47,4 435.00,- 14.64,0.00,- 999.02
2025.12.22 22:40:08,1377330344,XAUUSD,sell,0.98,4 435.32,4 445.50,4 409.90,2025.12.22 23:26:32,4 445.51,- 6.86,0.00,- 998.62
2025.12.23 01:20:08,1377424451,XAUUSD,buy,1.28,4 457.08,4 449.00,4 476.40,2025.12.23 03:01:04,4 476.36,- 8.96,0.00,2 467.84
2025.12.23 05:00:08,1377679923,XAUUSD,sell,25,4 493.16,4 493.50,4 492.10,2025.12.23 05:00:13,4 493.54,- 175.00,0.00,- 950.00
2025.12.23 06:00:08,1377735134,XAUUSD,sell,0.88,4 487.18,4 489.80,4 458.88,2025.12.23 13:40:09,4 486.82,- 6.16,0.00, 31.68
2025.12.23 18:40:10,1378910067,XAUUSD,sell,1.21,4 462.98,4 467.00,4 452.55,2025.12.23 18:43:11,4 466.93,- 8.48,0.00,- 477.95
2025.12.23 19:40:10,1379009622,XAUUSD,sell,0.67,4 477.58,4 485.00,4 458.82,2025.12.23 20:58:25,4 484.97,- 4.70,0.00,- 495.13
2025.12.23 19:40:10,1379009630,XAUUSD,sell,0.67,4 477.53,4 485.00,4 459.03,2025.12.23 20:58:25,4 484.97,- 4.70,0.00,- 498.48
2025.12.23 20:00:10,1379039532,XAUUSD,sell,0.36,4 473.85,4 488.00,4 438.76,2025.12.23 21:01:12,4 488.12,- 2.52,0.00,- 513.72
2025.12.23 21:20:09,1379151860,XAUUSD,sell,0.83,4 488.96,4 495.00,4 473.86,2025.12.23 22:58:15,4 495.04,- 5.82,0.00,- 504.64
2025.12.24 03:00:09,1379471197,XAUUSD,sell,0.96,4 516.40,4 521.50,4 503.26,2025.12.24 03:23:21,4 521.80,- 6.72,0.00,- 518.40
2025.12.24 03:00:09,1379471225,XAUUSD,buy,4.9,4 516.41,4 515.50,4 519.07,2025.12.24 03:00:37,4 519.05,- 34.30,0.00,1 293.60
2025.12.24 03:00:10,1379471243,XAUUSD,sell,0.96,4 516.56,4 521.50,4 503.26,2025.12.24 03:23:21,4 521.80,- 6.72,0.00,- 503.04
2025.12.24 03:40:09,1379539708,XAUUSD,buy,1.33,4 522.75,4 519.00,4 532.16,2025.12.24 03:59:49,4 519.00,- 9.32,0.00,- 498.75
2025.12.24 03:40:09,1379539807,XAUUSD,buy,1.06,4 523.56,4 519.00,4 535.49,2025.12.24 03:59:49,4 519.00,- 7.42,0.00,- 483.36
2025.12.24 04:40:09,1379604795,XAUUSD,sell,0.72,4 509.58,4 516.50,4 492.35,2025.12.24 04:58:39,4 491.46,- 5.04,0.00,1 304.64
2025.12.24 04:40:10,1379604801,XAUUSD,sell,0.72,4 509.63,4 516.50,4 492.28,2025.12.24 04:58:39,4 491.46,- 5.04,0.00,1 308.24
2025.12.24 05:00:09,1379637599,XAUUSD,sell,0.16,4 485.05,4 516.50,4 406.25,2025.12.24 08:00:09,4 487.78,- 1.12,0.00,- 43.68
2025.12.24 05:00:09,1379637692,XAUUSD,sell,0.15,4 483.94,4 516.50,4 402.96,2025.12.24 08:00:10,4 487.97,- 1.06,0.00,- 60.45
2025.12.24 05:40:09,1379698304,XAUUSD,sell,0.66,4 494.87,4 502.50,4 475.90,2025.12.24 08:40:09,4 495.84,- 4.62,0.00,- 64.02
2025.12.24 08:00:10,1379819478,XAUUSD,sell,0.39,4 487.87,4 500.50,4 456.05,2025.12.24 11:00:09,4 483.33,- 2.74,0.00, 177.06
2025.12.24 08:20:09,1379838570,XAUUSD,sell,0.43,4 488.80,4 500.50,4 459.48,2025.12.24 11:20:09,4 489.48,- 3.02,0.00,- 29.24
2025.12.24 09:00:10,1379875498,XAUUSD,sell,0.76,4 493.82,4 500.50,4 477.43,2025.12.24 12:00:09,4 495.04,- 5.32,0.00,- 92.72
2025.12.24 11:40:09,1380055847,XAUUSD,sell,0.48,4 488.98,4 499.50,4 463.03,2025.12.24 12:04:35,4 499.61,- 3.36,0.00,- 510.24
2025.12.24 12:20:09,1380101391,XAUUSD,buy,0.43,4 493.50,4 489.13,4 522.25,2025.12.24 12:32:39,4 488.90,- 3.02,0.00,- 197.80
2025.12.24 12:20:09,1380101403,XAUUSD,sell,0.9,4 493.43,4 499.00,4 479.51,2025.12.24 15:20:09,4 479.71,- 6.30,0.00,1 234.80
2025.12.24 12:20:10,1380101412,XAUUSD,sell,0.9,4 493.39,4 496.39,4 479.51,2025.12.24 15:20:09,4 479.41,- 6.30,0.00,1 258.20
2025.12.24 12:40:09,1380124296,XAUUSD,sell,0.25,4 484.45,4 504.00,4 435.19,2025.12.24 15:40:09,4 484.87,- 1.76,0.00,- 10.50
2025.12.24 15:20:10,1380295073,XAUUSD,sell,1.06,4 479.23,4 484.00,4 467.51,2025.12.24 15:33:00,4 484.16,- 7.42,0.00,- 522.58
2025.12.24 16:40:09,1380445361,XAUUSD,sell,0.47,4 472.36,4 483.00,4 445.51,2025.12.24 19:07:01,4 483.08,- 3.30,0.00,- 503.84
2025.12.24 17:00:12,1380521492,XAUUSD,sell,1.31,4 464.18,4 468.00,4 454.63,2025.12.24 17:02:22,4 468.06,- 9.18,0.00,- 508.28
2025.12.24 18:00:38,1380672153,XAUUSD,buy,0.87,4 457.31,4 451.50,4 471.73,2025.12.24 18:34:57,4 471.75,- 6.10,0.00,1 256.28
2025.12.24 18:00:39,1380672162,XAUUSD,buy,0.86,4 457.30,4 451.50,4 471.84,2025.12.24 18:35:01,4 471.87,- 6.02,0.00,1 253.02
2025.12.24 19:00:10,1380758158,XAUUSD,sell,2.91,4 476.28,4 478.00,4 471.98,2025.12.24 19:01:33,4 478.19,- 20.38,0.00,- 555.81
2025.12.24 19:00:10,1380758184,XAUUSD,sell,2.91,4 476.34,4 478.00,4 471.98,2025.12.24 19:01:33,4 478.19,- 20.38,0.00,- 538.35
2025.12.26 03:20:09,1381459028,XAUUSD,sell,2.55,4 512.08,4 514.00,4 507.14,2025.12.26 03:20:35,4 514.15,- 17.86,0.00,- 527.85
2025.12.26 06:20:09,1381691345,XAUUSD,buy,0.46,4 506.40,4 495.50,4 533.65,2025.12.26 09:20:09,4 513.68,- 3.22,0.00, 334.88
2025.12.26 06:20:10,1381691348,XAUUSD,buy,0.46,4 506.40,4 495.50,4 533.65,2025.12.26 09:20:09,4 513.68,- 3.22,0.00, 334.88
2025.12.26 07:20:09,1381735305,XAUUSD,sell,0.65,4 506.36,4 514.00,4 487.12,2025.12.26 07:31:20,4 513.75,- 4.56,0.00,- 480.35
2025.12.26 09:00:09,1381837548,XAUUSD,sell,0.65,4 511.83,4 519.50,4 492.62,2025.12.26 10:59:26,4 519.45,- 4.56,0.00,- 495.30
2025.12.26 09:40:09,1381874286,XAUUSD,sell,0.5,4 510.52,4 520.50,4 485.57,2025.12.26 11:00:17,4 520.48,- 3.50,0.00,- 498.00
2025.12.26 09:40:09,1381874291,XAUUSD,sell,0.5,4 510.52,4 520.50,4 485.57,2025.12.26 11:00:17,4 520.48,- 3.50,0.00,- 498.00
2025.12.26 11:00:09,1381949876,XAUUSD,sell,5.81,4 519.62,4 520.50,4 517.49,2025.12.26 11:00:17,4 520.48,- 40.68,0.00,- 499.66
2025.12.26 11:20:09,1381968403,XAUUSD,buy,0.5,4 515.94,4 506.00,4 540.79,2025.12.26 13:10:45,4 504.36,- 3.50,0.00,- 579.00
2025.12.26 12:20:13,1382025635,XAUUSD,buy,0.27,4 521.25,4 504.00,4 568.79,2025.12.26 13:10:54,4 503.80,- 1.90,0.00,- 471.15
2025.12.26 12:20:14,1382025794,XAUUSD,buy,0.29,4 521.19,4 504.00,4 564.38,2025.12.26 13:10:54,4 503.80,- 2.04,0.00,- 504.31
2025.12.26 13:20:09,1382092922,XAUUSD,buy,0.82,4 511.10,4 505.00,4 526.35,2025.12.26 13:29:02,4 505.12,- 5.74,0.00,- 490.36
2025.12.26 13:20:10,1382092930,XAUUSD,buy,0.82,4 511.10,4 505.00,4 526.35,2025.12.26 13:29:02,4 505.12,- 5.74,0.00,- 490.36
2025.12.26 15:00:09,1382202521,XAUUSD,sell,0.37,4 505.64,4 519.50,4 471.69,2025.12.26 15:25:09,4 519.19,- 2.60,0.00,- 501.35
2025.12.26 15:00:10,1382202547,XAUUSD,sell,0.36,4 505.68,4 519.50,4 470.99,2025.12.26 15:25:09,4 519.19,- 2.52,0.00,- 486.36
2025.12.26 16:40:09,1382393250,XAUUSD,buy,0.69,4 526.12,4 519.00,4 544.27,2025.12.26 16:47:34,4 518.52,- 4.84,0.00,- 524.40
2025.12.26 16:40:09,1382393283,XAUUSD,buy,0.71,4 526.02,4 519.00,4 543.68,2025.12.26 16:47:34,4 518.52,- 4.98,0.00,- 532.50
2025.12.26 17:40:10,1382547687,XAUUSD,buy,0.61,4 540.15,4 532.00,4 560.60,2025.12.26 18:52:09,4 531.54,- 4.28,0.00,- 525.21
2025.12.26 17:40:10,1382547705,XAUUSD,buy,0.61,4 540.16,4 532.00,4 560.60,2025.12.26 18:52:09,4 531.54,- 4.28,0.00,- 525.82
2025.12.26 23:20:09,1383043557,XAUUSD,sell,0.54,4 528.79,4 538.00,4 505.76,2025.12.29 01:02:00,4 543.89,- 3.78, 30.69,- 815.40
2025.12.26 23:20:10,1383043559,XAUUSD,sell,0.54,4 528.79,4 538.00,4 505.76,2025.12.29 01:02:00,4 543.89,- 3.78, 30.69,- 815.40
2025.12.26 23:40:09,1383057059,XAUUSD,sell,0.94,4 532.62,4 538.00,4 519.38,2025.12.29 01:02:00,4 543.89,- 6.58, 53.42,-1 059.38
2025.12.29 02:40:10,1383699194,XAUUSD,sell,0.32,4 494.96,4 510.50,4 456.11,2025.12.29 03:10:11,4 511.28,- 2.24,0.00,- 522.24
2025.12.29 02:40:10,1383699198,XAUUSD,sell,0.32,4 494.96,4 510.50,4 456.11,2025.12.29 03:10:11,4 511.28,- 2.24,0.00,- 522.24
2025.12.29 02:40:11,1383699203,XAUUSD,sell,0.32,4 495.04,4 510.50,4 456.11,2025.12.29 03:10:11,4 511.28,- 2.24,0.00,- 519.68
2025.12.29 05:00:09,1383932138,XAUUSD,sell,0.79,4 513.15,4 519.50,4 497.49,2025.12.29 05:35:04,4 520.49,- 5.54,0.00,- 579.86
2025.12.29 05:20:09,1383953062,XAUUSD,sell,0.7,4 514.81,4 522.00,4 496.84,2025.12.29 08:20:17,4 504.90,- 4.90,0.00, 693.70
2025.12.29 05:40:09,1383976549,XAUUSD,sell,0.93,4 516.10,4 521.50,4 502.60,2025.12.29 08:01:28,4 502.56,- 6.52,0.00,1 259.22
2025.12.29 06:00:09,1383993035,XAUUSD,sell,0.9,4 516.71,4 522.00,4 502.57,2025.12.29 08:01:28,4 502.54,- 6.30,0.00,1 275.30
2025.12.29 09:20:09,1384304076,XAUUSD,buy,0.46,4 480.42,4 469.50,4 507.86,2025.12.29 10:01:51,4 469.03,- 3.22,0.00,- 523.94
2025.12.29 11:00:10,1384493303,XAUUSD,buy,1.52,4 461.46,4 458.00,4 469.51,2025.12.29 11:43:54,4 469.49,- 10.64,0.00,1 220.56
2025.12.29 11:40:09,1384559938,XAUUSD,sell,0.98,4 466.00,4 471.00,4 453.15,2025.12.29 11:44:17,4 471.10,- 6.86,0.00,- 499.80
2025.12.29 11:40:10,1384560027,XAUUSD,sell,1,4 466.06,4 471.00,4 453.50,2025.12.29 11:44:17,4 471.10,- 7.00,0.00,- 504.00
2025.12.29 13:00:09,1384670979,XAUUSD,buy,0.55,4 461.07,4 452.00,4 483.68,2025.12.29 13:39:18,4 451.88,- 3.86,0.00,- 505.45
2025.12.29 14:40:09,1384848098,XAUUSD,sell,2.07,4 461.13,4 463.50,4 455.07,2025.12.29 14:40:54,4 463.94,- 14.50,0.00,- 581.67
2025.12.29 15:20:10,1384917728,XAUUSD,sell,0.32,4 454.99,4 471.00,4 416.26,2025.12.29 15:49:01,4 415.70,- 2.24,0.00,1 257.28
2025.12.29 15:20:10,1384917739,XAUUSD,sell,0.31,4 455.12,4 471.00,4 414.96,2025.12.29 15:50:42,4 414.98,- 2.18,0.00,1 244.34
2025.12.29 16:20:09,1385107244,XAUUSD,sell,0.14,4 395.14,4 432.00,4 303.06,2025.12.29 19:20:09,4 331.56,- 0.98,0.00, 890.12
2025.12.29 16:20:09,1385107262,XAUUSD,sell,0.14,4 395.47,4 432.00,4 303.27,2025.12.29 17:22:09,4 306.76,- 0.98,0.00,1 241.94
2025.12.29 16:20:10,1385107284,XAUUSD,sell,0.14,4 395.48,4 432.00,4 304.15,2025.12.29 17:22:09,4 306.76,- 0.98,0.00,1 242.08
2025.12.29 17:40:09,1385418681,XAUUSD,buy,0.81,4 326.98,4 321.00,4 342.52,2025.12.29 18:12:23,4 342.40,- 5.68,0.00,1 249.02
2025.12.29 17:40:09,1385418686,XAUUSD,buy,0.84,4 326.94,4 321.00,4 341.93,2025.12.29 18:12:23,4 342.30,- 5.88,0.00,1 290.24
2025.12.29 19:00:09,1385593953,XAUUSD,sell,0.49,4 342.24,4 352.00,4 316.23,2025.12.29 19:40:02,4 316.21,- 3.44,0.00,1 275.47
2025.12.29 19:00:10,1385593971,XAUUSD,sell,0.52,4 342.33,4 352.00,4 318.26,2025.12.29 19:38:36,4 317.84,- 3.64,0.00,1 273.48
2025.12.29 19:20:10,1385631164,XAUUSD,sell,0.24,4 331.52,4 352.00,4 280.29,2025.12.29 22:20:10,4 340.27,- 1.68,0.00,- 210.00
2025.12.29 19:40:10,1385670073,XAUUSD,sell,0.22,4 319.26,4 342.00,4 262.30,2025.12.29 22:03:18,4 342.01,- 1.54,0.00,- 500.50
2025.12.29 19:40:10,1385670084,XAUUSD,sell,0.22,4 318.87,4 342.00,4 262.41,2025.12.29 22:03:18,4 342.01,- 1.54,0.00,- 509.08
2025.12.29 22:40:09,1385901793,XAUUSD,sell,0.75,4 330.34,4 337.00,4 313.62,2025.12.29 23:08:01,4 337.02,- 5.26,0.00,- 501.00
2025.12.29 23:00:09,1385926413,XAUUSD,buy,1.85,4 333.70,4 331.00,4 340.49,2025.12.29 23:01:21,4 330.67,- 12.96,0.00,- 560.55
2025.12.29 23:00:09,1385926440,XAUUSD,buy,1.85,4 333.60,4 331.00,4 340.45,2025.12.29 23:01:21,4 330.67,- 12.96,0.00,- 542.05
2025.12.29 23:20:10,1385947929,XAUUSD,sell,1.09,4 334.92,4 339.50,4 323.47,2025.12.30 01:02:12,4 339.28,- 7.64, 61.94,- 475.24
2025.12.29 23:40:09,1385963353,XAUUSD,sell,0.36,4 328.48,4 342.50,4 293.43,2025.12.30 01:05:46,4 342.70,- 2.52, 20.46,- 511.92
2025.12.29 23:40:09,1385963375,XAUUSD,sell,0.36,4 328.48,4 342.50,4 293.43,2025.12.30 01:05:46,4 342.70,- 2.52, 20.46,- 511.92
2025.12.30 01:40:09,1386026910,XAUUSD,sell,1.12,4 331.03,4 335.50,4 319.85,2025.12.30 01:43:38,4 335.59,- 7.84,0.00,- 510.72
2025.12.30 01:40:09,1386026914,XAUUSD,sell,1.12,4 330.94,4 335.50,4 319.85,2025.12.30 01:43:38,4 335.59,- 7.84,0.00,- 520.80
2025.12.30 01:40:10,1386026939,XAUUSD,sell,1.1,4 330.94,4 335.50,4 319.54,2025.12.30 01:43:38,4 335.59,- 7.70,0.00,- 511.50
2025.12.30 02:40:09,1386083256,XAUUSD,sell,0.31,4 343.34,4 359.50,4 302.94,2025.12.30 03:56:13,4 359.61,- 2.18,0.00,- 504.37
2025.12.30 02:40:09,1386083268,XAUUSD,sell,0.31,4 342.85,4 359.50,4 302.94,2025.12.30 03:56:13,4 359.61,- 2.18,0.00,- 519.56
2025.12.30 03:40:09,1386151787,XAUUSD,sell,0.43,4 339.45,4 351.00,4 310.09,2025.12.30 03:49:07,4 352.56,- 3.02,0.00,- 563.73
2025.12.30 05:20:09,1386275440,XAUUSD,buy,0.47,4 365.30,4 354.50,4 392.02,2025.12.30 08:20:10,4 370.62,- 3.30,0.00, 250.04
2025.12.30 05:40:09,1386294451,XAUUSD,buy,0.51,4 364.34,4 354.50,4 388.87,2025.12.30 08:40:09,4 363.80,- 3.58,0.00,- 27.54
2025.12.30 05:40:10,1386294454,XAUUSD,sell,1.06,4 364.42,4 369.00,4 352.51,2025.12.30 06:40:46,4 369.20,- 7.42,0.00,- 506.68
2025.12.30 07:40:09,1386413708,XAUUSD,buy,0.21,4 378.02,4 354.50,4 436.79,2025.12.30 10:29:38,4 354.48,- 1.48,0.00,- 494.34
2025.12.30 09:20:10,1386536606,XAUUSD,sell,2.81,4 371.22,4 373.00,4 366.77,2025.12.30 09:23:34,4 366.72,- 19.68,0.00,1 264.50
2025.12.30 09:40:09,1386559509,XAUUSD,sell,0.76,4 373.91,4 380.50,4 357.54,2025.12.30 09:49:35,4 380.47,- 5.32,0.00,- 498.56
2025.12.30 10:00:10,1386590186,XAUUSD,sell,0.53,4 370.98,4 380.50,4 347.18,2025.12.30 12:26:51,4 380.95,- 3.72,0.00,- 528.41
2025.12.30 10:00:10,1386590195,XAUUSD,sell,0.53,4 370.83,4 380.50,4 347.18,2025.12.30 12:26:51,4 380.95,- 3.72,0.00,- 536.36
2025.12.30 11:00:09,1386684676,XAUUSD,buy,0.26,4 365.31,4 346.00,4 413.27,2025.12.30 14:00:09,4 384.53,- 1.82,0.00, 499.72
2025.12.30 13:00:09,1386852876,XAUUSD,sell,0.36,4 385.60,4 399.50,4 350.85,2025.12.30 14:39:36,4 399.47,- 2.52,0.00,- 499.32
2025.12.30 13:20:09,1386876094,XAUUSD,buy,0.31,4 388.46,4 372.50,4 428.57,2025.12.30 16:20:09,4 384.24,- 2.18,0.00,- 130.82
2025.12.30 14:40:10,1386978034,XAUUSD,sell,1.28,4 399.59,4 403.50,4 389.82,2025.12.30 15:00:48,4 403.62,- 8.96,0.00,- 515.84
2025.12.30 14:40:10,1386978047,XAUUSD,sell,1.28,4 399.69,4 403.50,4 389.82,2025.12.30 15:00:48,4 403.62,- 8.96,0.00,- 503.04
2025.12.30 15:20:10,1387043562,XAUUSD,sell,0.85,4 392.87,4 399.00,4 378.49,2025.12.30 15:33:11,4 378.42,- 5.96,0.00,1 228.25
2025.12.30 16:20:09,1387162023,XAUUSD,sell,0.38,4 384.37,4 397.50,4 351.09,2025.12.30 19:20:09,4 373.96,- 2.66,0.00, 395.58
2025.12.30 16:20:10,1387162060,XAUUSD,sell,0.38,4 384.40,4 397.50,4 351.55,2025.12.30 19:20:09,4 373.99,- 2.66,0.00, 395.58
2025.12.30 17:40:10,1387382175,XAUUSD,sell,0.51,4 372.20,4 382.00,4 347.56,2025.12.30 20:40:09,4 366.40,- 3.58,0.00, 295.80
2025.12.30 19:40:09,1387581255,XAUUSD,sell,0.88,4 372.33,4 378.00,4 358.12,2025.12.30 20:05:50,4 378.04,- 6.16,0.00,- 502.48
2025.12.30 21:20:09,1387700787,XAUUSD,sell,0.72,4 365.56,4 372.50,4 348.18,2025.12.30 21:49:02,4 348.07,- 5.04,0.00,1 259.28
2025.12.30 21:20:09,1387700804,XAUUSD,sell,0.72,4 365.60,4 372.50,4 348.35,2025.12.30 21:49:02,4 348.07,- 5.04,0.00,1 262.16
2025.12.30 22:00:09,1387762274,XAUUSD,sell,0.53,4 349.14,4 358.50,4 325.21,2025.12.31 01:05:49,4 340.63,- 3.72, 25.31, 451.03
2025.12.30 22:00:10,1387762294,XAUUSD,sell,0.53,4 349.15,4 358.50,4 325.57,2025.12.31 01:05:50,4 340.52,- 3.72, 25.31, 457.39
2025.12.30 23:00:09,1387834153,XAUUSD,sell,0.42,4 342.03,4 354.00,4 312.10,2025.12.31 02:00:09,4 341.16,- 2.94, 20.05, 36.54
2025.12.31 03:00:09,1388005687,XAUUSD,sell,0.76,4 339.46,4 346.00,4 322.90,2025.12.31 03:03:09,4 346.33,- 5.32,0.00,- 522.12
2025.12.31 03:00:09,1388005703,XAUUSD,sell,0.76,4 339.92,4 346.00,4 323.11,2025.12.31 03:03:09,4 346.33,- 5.32,0.00,- 487.16
2025.12.31 03:20:09,1388036936,XAUUSD,buy,0.56,4 354.43,4 345.50,4 376.79,2025.12.31 05:01:04,4 345.54,- 3.92,0.00,- 497.84
2025.12.31 03:20:10,1388036942,XAUUSD,buy,0.56,4 354.44,4 345.50,4 376.76,2025.12.31 05:01:04,4 345.54,- 3.92,0.00,- 498.40
2025.12.31 04:20:09,1388109306,XAUUSD,sell,0.38,4 362.22,4 375.50,4 329.09,2025.12.31 07:20:09,4 334.22,- 2.66,0.00,1 064.00
2025.12.31 05:20:10,1388182132,XAUUSD,buy,0.41,4 353.44,4 341.00,4 383.49,2025.12.31 05:24:37,4 340.94,- 2.88,0.00,- 512.50
2025.12.31 05:20:10,1388182133,XAUUSD,buy,0.4,4 353.46,4 341.00,4 384.54,2025.12.31 05:24:37,4 340.94,- 2.80,0.00,- 500.80
2025.12.31 07:00:09,1388278630,XAUUSD,sell,0.39,4 331.22,4 344.00,4 299.27,2025.12.31 07:52:42,4 299.06,- 2.74,0.00,1 254.24
2025.12.31 07:40:09,1388328600,XAUUSD,sell,0.37,4 331.28,4 344.50,4 297.29,2025.12.31 07:53:03,4 290.21,- 2.60,0.00,1 519.59
2025.12.31 07:40:09,1388328622,XAUUSD,sell,0.38,4 331.39,4 344.50,4 298.23,2025.12.31 07:52:48,4 298.01,- 2.66,0.00,1 268.44
2025.12.31 08:00:09,1388388164,XAUUSD,sell,0.09,4 285.92,4 344.50,4 145.95,2025.12.31 11:00:09,4 309.37,- 0.64,0.00,- 211.05
2025.12.31 08:00:10,1388388220,XAUUSD,sell,0.09,4 285.58,4 344.50,4 139.47,2025.12.31 11:00:10,4 309.05,- 0.64,0.00,- 211.23
2025.12.31 08:00:10,1388388271,XAUUSD,sell,0.08,4 285.81,4 344.50,4 138.28,2025.12.31 11:00:10,4 309.03,- 0.56,0.00,- 185.76
2025.12.31 12:00:10,1388693379,XAUUSD,sell,0.5,4 326.42,4 336.50,4 301.32,2025.12.31 15:00:10,4 314.12,- 3.50,0.00, 615.00
2025.12.31 12:00:10,1388693423,XAUUSD,sell,0.5,4 326.42,4 336.50,4 301.22,2025.12.31 15:00:11,4 314.20,- 3.50,0.00, 611.00
2025.12.31 13:20:09,1388791966,XAUUSD,sell,1.12,4 313.04,4 317.50,4 301.89,2025.12.31 14:43:51,4 317.80,- 7.84,0.00,- 533.12
2025.12.31 15:00:10,1388907289,XAUUSD,sell,1.01,4 314.11,4 319.00,4 301.60,2025.12.31 15:21:33,4 318.95,- 7.08,0.00,- 488.84
2025.12.31 15:00:11,1388907361,XAUUSD,sell,1.02,4 314.04,4 319.00,4 301.88,2025.12.31 15:21:33,4 318.95,- 7.14,0.00,- 500.82
2025.12.31 15:20:10,1388935818,XAUUSD,sell,0.75,4 315.33,4 322.00,4 298.51,2025.12.31 15:22:58,4 322.38,- 5.26,0.00,- 528.75
2025.12.31 17:40:09,1389235017,XAUUSD,buy,0.48,4 332.61,4 322.00,4 358.79,2025.12.31 18:37:31,4 322.07,- 3.36,0.00,- 505.92
2025.12.31 17:40:10,1389235046,XAUUSD,buy,0.47,4 332.54,4 322.00,4 359.13,2025.12.31 18:37:31,4 322.07,- 3.30,0.00,- 492.09
2025.12.31 18:40:09,1389343658,XAUUSD,sell,0.54,4 323.24,4 332.50,4 300.09,2025.12.31 21:40:09,4 311.51,- 3.78,0.00, 633.42
2025.12.31 18:40:09,1389343660,XAUUSD,sell,0.54,4 323.26,4 332.50,4 300.09,2025.12.31 21:40:09,4 311.64,- 3.78,0.00, 627.48
2025.12.31 19:40:09,1389416146,XAUUSD,buy,0.32,4 326.55,4 311.00,4 365.39,2025.12.31 21:36:24,4 311.03,- 2.24,0.00,- 496.64
2025.12.31 21:40:10,1389539632,XAUUSD,sell,0.92,4 311.40,4 317.00,4 297.89,2025.12.31 22:18:04,4 316.75,- 6.44,0.00,- 492.20
2026.01.02 07:20:09,1390215902,XAUUSD,buy,2.02,4 376.98,4 374.50,4 383.18,2026.01.02 08:09:23,4 374.35,- 14.14,0.00,- 531.26
2026.01.02 09:20:09,1390320091,XAUUSD,buy,0.37,4 375.36,4 362.00,4 408.76,2026.01.02 12:20:09,4 388.42,- 2.60,0.00, 483.22
2026.01.02 09:20:10,1390320094,XAUUSD,buy,0.37,4 375.36,4 362.00,4 408.76,2026.01.02 12:20:10,4 388.54,- 2.60,0.00, 487.66
2026.01.02 09:40:09,1390343037,XAUUSD,buy,0.29,4 379.39,4 362.00,4 422.87,2026.01.02 12:40:09,4 394.22,- 2.04,0.00, 430.07
2026.01.02 12:20:10,1390549054,XAUUSD,buy,0.43,4 388.52,4 377.00,4 417.32,2026.01.02 15:20:09,4 397.78,- 3.02,0.00, 398.18
2026.01.02 13:00:09,1390600167,XAUUSD,sell,0.68,4 396.92,4 404.50,4 378.67,2026.01.02 15:25:03,4 378.60,- 4.76,0.00,1 245.76
2026.01.02 13:20:10,1390617458,XAUUSD,sell,0.61,4 396.31,4 404.50,4 375.84,2026.01.02 15:29:33,4 373.60,- 4.28,0.00,1 385.31
2026.01.02 15:20:10,1390770669,XAUUSD,sell,0.71,4 397.53,4 404.50,4 379.72,2026.01.02 15:25:02,4 379.18,- 4.98,0.00,1 302.85
2026.01.02 15:40:09,1390832401,XAUUSD,sell,0.14,4 368.83,4 404.50,4 278.32,2026.01.02 18:40:09,4 321.76,- 0.98,0.00, 658.98
2026.01.02 15:40:09,1390832420,XAUUSD,sell,0.14,4 368.91,4 404.50,4 279.65,2026.01.02 18:40:10,4 321.66,- 0.98,0.00, 661.50
2026.01.02 15:40:10,1390832434,XAUUSD,sell,0.14,4 368.92,4 404.50,4 279.93,2026.01.02 18:40:10,4 321.66,- 0.98,0.00, 661.64
2026.01.02 20:00:09,1391413387,XAUUSD,sell,0.4,4 321.56,4 334.00,4 290.60,2026.01.02 23:00:10,4 331.62,- 2.80,0.00,- 402.40
2026.01.02 20:00:09,1391413416,XAUUSD,sell,0.4,4 321.56,4 334.00,4 290.46,2026.01.02 23:00:10,4 331.58,- 2.80,0.00,- 400.80
2026.01.02 20:20:09,1391445541,XAUUSD,sell,0.36,4 318.64,4 332.50,4 283.64,2026.01.02 23:20:10,4 328.50,- 2.52,0.00,- 354.96
2026.01.02 23:20:10,1391632425,XAUUSD,sell,0.71,4 328.45,4 335.50,4 310.82,2026.01.02 23:55:06,4 335.74,- 4.98,0.00,- 517.59
2026.01.02 23:20:10,1391632428,XAUUSD,sell,0.71,4 328.45,4 335.50,4 310.82,2026.01.02 23:55:06,4 335.74,- 4.98,0.00,- 517.59
2026.01.02 23:20:11,1391632429,XAUUSD,sell,0.71,4 328.45,4 335.50,4 310.82,2026.01.02 23:55:06,4 335.74,- 4.98,0.00,- 517.59
2026.01.05 03:20:10,1392387849,XAUUSD,sell,0.54,4 395.29,4 404.50,4 372.20,2026.01.05 03:26:06,4 404.80,- 3.78,0.00,- 513.54
2026.01.05 03:20:10,1392387867,XAUUSD,sell,0.54,4 395.68,4 404.50,4 372.26,2026.01.05 03:26:06,4 404.80,- 3.78,0.00,- 492.48
2026.01.05 05:40:09,1392595811,XAUUSD,sell,0.52,4 408.46,4 418.00,4 384.61,2026.01.05 08:11:53,4 418.07,- 3.64,0.00,- 499.72
2026.01.05 05:40:09,1392595821,XAUUSD,sell,0.52,4 408.56,4 418.00,4 384.61,2026.01.05 08:11:53,4 418.07,- 3.64,0.00,- 494.52
2026.01.05 06:00:09,1392616700,XAUUSD,sell,0.27,4 399.61,4 418.00,4 353.63,2026.01.05 08:11:53,4 418.07,- 1.90,0.00,- 498.42
2026.01.05 08:40:23,1392796948,XAUUSD,buy,1.5,4 422.30,4 419.00,4 430.65,2026.01.05 08:51:51,4 418.76,- 10.50,0.00,- 531.00
2026.01.05 08:40:23,1392796949,XAUUSD,sell,3.79,4 422.22,4 423.50,4 418.88,2026.01.05 08:40:41,4 423.83,- 26.54,0.00,- 610.19
2026.01.05 08:40:24,1392796951,XAUUSD,sell,3.91,4 422.22,4 423.50,4 419.02,2026.01.05 08:40:41,4 423.83,- 27.38,0.00,- 629.51
2026.01.05 09:20:09,1392836898,XAUUSD,buy,0.5,4 422.38,4 412.50,4 447.22,2026.01.05 12:20:09,4 432.31,- 3.50,0.00, 496.50
2026.01.05 09:20:10,1392836913,XAUUSD,buy,0.51,4 422.48,4 412.50,4 447.08,2026.01.05 12:20:10,4 432.31,- 3.58,0.00, 501.33
2026.01.05 09:40:10,1392856846,XAUUSD,buy,0.47,4 422.99,4 412.50,4 449.88,2026.01.05 12:40:09,4 435.96,- 3.30,0.00, 609.59
2026.01.05 13:40:09,1393205740,XAUUSD,sell,2.02,4 422.04,4 424.50,4 415.82,2026.01.05 13:43:33,4 424.47,- 14.14,0.00,- 490.86
2026.01.05 18:20:09,1393881797,XAUUSD,sell,0.37,4 447.02,4 460.50,4 412.76,2026.01.05 21:20:09,4 440.65,- 2.60,0.00, 235.69
2026.01.05 18:20:10,1393881812,XAUUSD,sell,0.37,4 446.92,4 460.50,4 413.32,2026.01.05 21:20:11,4 440.66,- 2.60,0.00, 231.62
2026.01.05 18:40:10,1393917541,XAUUSD,sell,0.48,4 444.98,4 455.50,4 418.79,2026.01.05 21:40:09,4 445.37,- 3.36,0.00,- 18.72
2026.01.05 21:20:11,1394204386,XAUUSD,sell,0.29,4 440.61,4 458.00,4 397.31,2026.01.06 01:05:45,4 455.12,- 2.04, 13.89,- 420.79
2026.01.05 21:20:11,1394204409,XAUUSD,sell,0.29,4 440.66,4 458.00,4 397.13,2026.01.06 01:05:45,4 455.11,- 2.04, 13.89,- 419.05
2026.01.05 21:40:09,1394229640,XAUUSD,buy,0.34,4 445.37,4 430.50,4 482.55,2026.01.06 01:05:46,4 455.04,- 2.38,- 19.18, 328.78
2026.01.06 01:20:09,1394432815,XAUUSD,sell,5.32,4 453.06,4 454.00,4 450.71,2026.01.06 01:25:06,4 450.67,- 37.24,0.00,1 271.48
2026.01.06 02:20:09,1394493525,XAUUSD,sell,1.77,4 441.17,4 444.00,4 434.10,2026.01.06 02:31:18,4 444.07,- 12.40,0.00,- 513.30
2026.01.06 02:20:09,1394493531,XAUUSD,buy,0.47,4 441.22,4 430.50,4 468.02,2026.01.06 02:40:35,4 430.59,- 3.30,0.00,- 499.61
2026.01.06 02:20:09,1394493533,XAUUSD,buy,0.47,4 441.65,4 430.50,4 468.02,2026.01.06 02:40:35,4 430.59,- 3.30,0.00,- 519.82
2026.01.06 03:00:09,1394534377,XAUUSD,buy,0.45,4 439.04,4 427.50,4 466.70,2026.01.06 05:18:13,4 466.65,- 3.16,0.00,1 242.45
2026.01.06 03:00:09,1394534416,XAUUSD,sell,1.62,4 438.82,4 442.00,4 431.22,2026.01.06 03:02:58,4 431.20,- 11.34,0.00,1 234.44
2026.01.06 03:00:10,1394534448,XAUUSD,buy,0.44,4 438.96,4 427.50,4 467.54,2026.01.06 05:24:47,4 467.59,- 3.08,0.00,1 259.72
2026.01.06 03:20:09,1394568426,XAUUSD,sell,7.35,4 440.20,4 441.00,4 438.62,2026.01.06 03:20:10,4 440.96,- 51.46,0.00,- 558.60
2026.01.06 04:40:09,1394668205,XAUUSD,sell,0.3,4 451.61,4 468.00,4 410.15,2026.01.06 05:24:48,4 468.06,- 2.10,0.00,- 493.50
2026.01.06 05:20:09,1394723969,XAUUSD,buy,0.33,4 464.36,4 449.50,4 502.10,2026.01.06 08:20:09,4 456.66,- 2.32,0.00,- 254.10
2026.01.06 07:20:09,1394829580,XAUUSD,sell,3.82,4 469.17,4 470.50,4 465.91,2026.01.06 07:29:13,4 470.80,- 26.74,0.00,- 622.66
2026.01.06 07:20:09,1394829590,XAUUSD,sell,3.76,4 469.17,4 470.50,4 465.85,2026.01.06 07:29:13,4 470.80,- 26.32,0.00,- 612.88
2026.01.06 08:20:10,1394917334,XAUUSD,buy,0.46,4 456.78,4 446.00,4 483.73,2026.01.06 11:20:10,4 453.90,- 3.22,0.00,- 132.48
2026.01.06 08:20:10,1394917337,XAUUSD,buy,0.46,4 456.76,4 446.00,4 483.73,2026.01.06 11:20:11,4 453.50,- 3.22,0.00,- 149.96
2026.01.06 08:20:11,1394917343,XAUUSD,buy,0.46,4 456.78,4 446.00,4 483.66,2026.01.06 11:20:12,4 453.44,- 3.22,0.00,- 153.64
2026.01.06 11:20:11,1395166452,XAUUSD,sell,0.41,4 453.86,4 466.00,4 423.65,2026.01.06 14:20:09,4 461.94,- 2.88,0.00,- 331.28
2026.01.06 11:20:11,1395166552,XAUUSD,sell,0.4,4 453.45,4 466.00,4 422.25,2026.01.06 14:20:10,4 461.94,- 2.80,0.00,- 339.60
2026.01.06 11:40:09,1395189571,XAUUSD,buy,0.62,4 456.03,4 448.00,4 476.28,2026.01.06 11:47:46,4 447.84,- 4.34,0.00,- 507.78
2026.01.06 12:00:09,1395224035,XAUUSD,sell,0.26,4 445.62,4 465.00,4 397.17,2026.01.06 14:22:24,4 465.00,- 1.82,0.00,- 503.88
2026.01.06 14:40:09,1395417964,XAUUSD,sell,0.48,4 460.69,4 471.00,4 434.91,2026.01.06 16:02:25,4 471.03,- 3.36,0.00,- 496.32
2026.01.06 14:40:10,1395417973,XAUUSD,sell,0.48,4 460.69,4 471.00,4 434.91,2026.01.06 16:02:25,4 471.03,- 3.36,0.00,- 496.32
2026.01.06 15:00:09,1395447867,XAUUSD,sell,0.81,4 464.89,4 471.00,4 449.51,2026.01.06 16:02:25,4 471.03,- 5.68,0.00,- 497.34
2026.01.06 17:40:09,1395875598,XAUUSD,buy,1.07,4 471.73,4 467.00,4 483.41,2026.01.06 18:25:54,4 483.44,- 7.50,0.00,1 252.97
2026.01.06 19:40:09,1396114107,XAUUSD,sell,0.78,4 486.60,4 493.00,4 470.60,2026.01.06 20:17:33,4 493.05,- 5.46,0.00,- 503.10
2026.01.06 19:40:10,1396114121,XAUUSD,sell,0.78,4 486.60,4 493.00,4 470.60,2026.01.06 20:17:33,4 493.05,- 5.46,0.00,- 503.10
2026.01.06 20:00:09,1396154237,XAUUSD,sell,1.4,4 489.48,4 493.00,4 480.54,2026.01.06 20:17:33,4 493.05,- 9.80,0.00,- 499.80
2026.01.06 21:00:09,1396245982,XAUUSD,buy,0.32,4 488.72,4 473.00,4 528.02,2026.01.07 01:05:49,4 499.00,- 2.24,- 18.59, 328.96
2026.01.06 21:00:09,1396246000,XAUUSD,buy,0.32,4 488.72,4 473.00,4 528.02,2026.01.07 01:05:49,4 498.98,- 2.24,- 18.59, 328.32
2026.01.06 21:00:10,1396246009,XAUUSD,buy,0.32,4 488.72,4 473.00,4 528.02,2026.01.07 01:05:50,4 498.98,- 2.24,- 18.59, 328.32
2026.01.07 01:20:10,1396459962,XAUUSD,buy,2.33,4 499.13,4 497.00,4 504.52,2026.01.07 01:39:11,4 496.99,- 16.32,0.00,- 498.62
2026.01.07 01:20:10,1396459980,XAUUSD,buy,2.34,4 499.14,4 497.00,4 504.49,2026.01.07 01:39:11,4 496.99,- 16.38,0.00,- 503.10
2026.01.07 01:40:09,1396475232,XAUUSD,sell,0.41,4 495.72,4 508.00,4 464.99,2026.01.07 03:56:36,4 464.03,- 2.88,0.00,1 299.29
2026.01.07 01:40:10,1396475237,XAUUSD,sell,0.41,4 495.80,4 508.00,4 464.95,2026.01.07 03:56:36,4 464.03,- 2.88,0.00,1 302.57
2026.01.07 02:00:10,1396496028,XAUUSD,sell,0.36,4 494.14,4 508.00,4 459.18,2026.01.07 05:00:09,4 475.90,- 2.52,0.00, 656.64
2026.01.07 04:00:09,1396671678,XAUUSD,buy,0.71,4 466.18,4 459.00,4 483.50,2026.01.07 07:00:10,4 464.21,- 4.98,0.00,- 139.87
2026.01.07 04:00:10,1396671709,XAUUSD,sell,0.59,4 466.06,4 474.50,4 444.96,2026.01.07 04:11:43,4 474.62,- 4.14,0.00,- 505.04
2026.01.07 04:20:09,1396698289,XAUUSD,buy,0.28,4 471.44,4 453.50,4 516.29,2026.01.07 07:20:09,4 467.51,- 1.96,0.00,- 110.04
2026.01.07 05:00:10,1396734169,XAUUSD,sell,1.19,4 475.79,4 480.00,4 465.26,2026.01.07 05:19:35,4 480.03,- 8.34,0.00,- 504.56
2026.01.07 06:20:09,1396799898,XAUUSD,sell,0.3,4 468.49,4 485.00,4 427.15,2026.01.07 09:20:09,4 451.46,- 2.10,0.00, 510.90
2026.01.07 07:00:10,1396832846,XAUUSD,buy,1.04,4 464.32,4 459.50,4 476.37,2026.01.07 07:33:00,4 459.46,- 7.28,0.00,- 505.44
2026.01.07 07:20:09,1396850530,XAUUSD,buy,0.62,4 467.52,4 459.50,4 487.71,2026.01.07 07:33:00,4 459.46,- 4.34,0.00,- 499.72
2026.01.07 08:00:09,1396908534,XAUUSD,buy,1.01,4 454.47,4 449.50,4 466.90,2026.01.07 08:33:52,4 449.48,- 7.08,0.00,- 503.99
2026.01.07 09:00:10,1396984477,XAUUSD,buy,1.14,4 443.50,4 439.00,4 454.33,2026.01.07 09:26:51,4 454.34,- 7.98,0.00,1 235.76
2026.01.07 09:20:10,1397005054,XAUUSD,buy,0.4,4 451.46,4 439.00,4 482.61,2026.01.07 12:20:09,4 465.26,- 2.80,0.00, 552.00
2026.01.07 09:20:11,1397005060,XAUUSD,buy,0.4,4 451.46,4 439.00,4 482.61,2026.01.07 12:20:10,4 465.26,- 2.80,0.00, 552.00
2026.01.07 09:40:09,1397028314,XAUUSD,buy,0.25,4 459.03,4 439.00,4 509.52,2026.01.07 12:40:10,4 464.89,- 1.76,0.00, 146.50
2026.01.07 12:40:10,1397253556,XAUUSD,sell,0.41,4 464.88,4 477.00,4 434.62,2026.01.07 15:08:49,4 434.54,- 2.88,0.00,1 243.94
2026.01.07 12:40:10,1397253562,XAUUSD,sell,0.41,4 464.88,4 477.00,4 434.58,2026.01.07 15:08:49,4 434.54,- 2.88,0.00,1 243.94
2026.01.07 13:00:09,1397276122,XAUUSD,sell,0.4,4 464.41,4 477.00,4 432.93,2026.01.07 15:09:01,4 433.21,- 2.80,0.00,1 248.00
2026.01.07 15:40:10,1397545573,XAUUSD,buy,0.28,4 442.39,4 424.50,4 487.12,2026.01.07 17:16:38,4 424.29,- 1.96,0.00,- 506.80
2026.01.07 15:40:10,1397545587,XAUUSD,buy,0.28,4 442.23,4 424.50,4 487.05,2026.01.07 17:16:38,4 424.29,- 1.96,0.00,- 502.32
2026.01.07 15:40:11,1397545624,XAUUSD,buy,0.28,4 442.18,4 424.50,4 486.55,2026.01.07 17:16:38,4 424.29,- 1.96,0.00,- 500.92
2026.01.07 17:20:09,1397828000,XAUUSD,sell,0.16,4 425.58,4 456.00,4 347.01,2026.01.07 18:22:03,4 455.97,- 1.12,0.00,- 486.24
2026.01.07 17:20:10,1397828036,XAUUSD,sell,0.16,4 425.37,4 456.00,4 349.53,2026.01.07 18:22:03,4 455.97,- 1.12,0.00,- 489.60
2026.01.07 17:20:10,1397828062,XAUUSD,sell,0.16,4 425.37,4 456.00,4 348.80,2026.01.07 18:22:03,4 455.97,- 1.12,0.00,- 489.60
2026.01.07 19:20:09,1398095381,XAUUSD,buy,0.65,4 461.75,4 454.00,4 481.05,2026.01.07 19:51:55,4 453.02,- 4.56,0.00,- 567.45
2026.01.07 19:40:09,1398120406,XAUUSD,buy,2.23,4 459.25,4 457.00,4 464.84,2026.01.07 19:41:05,4 456.99,- 15.62,0.00,- 503.98
2026.01.07 20:40:09,1398215022,XAUUSD,buy,0.25,4 458.36,4 438.00,4 509.26,2026.01.07 23:40:09,4 454.00,- 1.76,0.00,- 109.00
2026.01.07 20:40:10,1398215032,XAUUSD,buy,0.25,4 458.36,4 438.00,4 509.26,2026.01.07 23:40:10,4 454.00,- 1.76,0.00,- 109.00
2026.01.07 20:40:10,1398215041,XAUUSD,buy,0.25,4 458.41,4 438.00,4 509.30,2026.01.07 23:40:10,4 454.00,- 1.76,0.00,- 110.25
2026.01.08 01:40:09,1398469617,XAUUSD,sell,1.2,4 461.34,4 465.50,4 450.90,2026.01.08 02:01:21,4 465.56,- 8.40,0.00,- 506.40
2026.01.08 02:40:10,1398522811,XAUUSD,sell,0.67,4 454.35,4 462.00,4 435.75,2026.01.08 04:33:59,4 435.82,- 4.70,0.00,1 241.51
2026.01.08 02:40:10,1398522822,XAUUSD,sell,0.65,4 454.35,4 462.00,4 435.23,2026.01.08 04:37:01,4 435.17,- 4.56,0.00,1 246.70
2026.01.08 03:00:09,1398545160,XAUUSD,sell,0.29,4 448.35,4 465.50,4 405.48,2026.01.08 06:00:09,4 439.11,- 2.04,0.00, 267.96
2026.01.08 04:40:09,1398674493,XAUUSD,buy,1.02,4 439.37,4 434.50,4 451.58,2026.01.08 06:38:56,4 434.69,- 7.14,0.00,- 477.36
2026.01.08 05:40:10,1398745339,XAUUSD,buy,0.54,4 441.31,4 432.00,4 464.59,2026.01.08 06:45:02,4 431.96,- 3.78,0.00,- 504.90
2026.01.08 06:00:09,1398761458,XAUUSD,sell,0.35,4 439.05,4 453.50,4 402.93,2026.01.08 09:00:10,4 433.78,- 2.46,0.00, 184.45
2026.01.08 07:00:10,1398812671,XAUUSD,sell,1.34,4 431.27,4 435.00,4 421.95,2026.01.08 07:30:01,4 421.94,- 9.38,0.00,1 250.22
2026.01.08 07:00:10,1398812690,XAUUSD,sell,1.34,4 431.27,4 435.00,4 421.95,2026.01.08 07:30:01,4 421.94,- 9.38,0.00,1 250.22
2026.01.08 09:00:09,1399021549,XAUUSD,sell,0.68,4 433.68,4 441.00,4 415.38,2026.01.08 12:00:10,4 432.63,- 4.76,0.00, 71.40
2026.01.08 09:00:10,1399021580,XAUUSD,sell,0.68,4 433.68,4 441.00,4 415.41,2026.01.08 12:00:11,4 432.65,- 4.76,0.00, 70.04
2026.01.08 09:20:09,1399049794,XAUUSD,sell,0.84,4 435.10,4 441.00,4 420.21,2026.01.08 10:43:26,4 420.21,- 5.88,0.00,1 250.76
2026.01.08 11:20:09,1399238487,XAUUSD,sell,0.44,4 427.60,4 439.00,4 399.03,2026.01.08 14:20:10,4 414.22,- 3.08,0.00, 588.72
2026.01.08 12:00:10,1399288981,XAUUSD,sell,0.78,4 432.60,4 439.00,4 416.53,2026.01.08 14:04:51,4 415.82,- 5.46,0.00,1 308.84
2026.01.08 12:20:09,1399315394,XAUUSD,sell,0.33,4 423.66,4 439.00,4 385.35,2026.01.08 15:20:10,4 427.85,- 2.32,0.00,- 138.27
2026.01.08 14:40:09,1399524030,XAUUSD,buy,0.22,4 427.80,4 405.00,4 484.49,2026.01.08 17:40:09,4 451.22,- 1.54,0.00, 515.24
2026.01.08 14:40:09,1399524049,XAUUSD,buy,0.22,4 428.05,4 405.00,4 484.70,2026.01.08 17:40:09,4 451.22,- 1.54,0.00, 509.74
2026.01.08 15:20:10,1399595469,XAUUSD,sell,0.62,4 427.70,4 435.50,4 407.40,2026.01.08 15:25:27,4 436.09,- 4.34,0.00,- 520.18
2026.01.08 15:40:09,1399642319,XAUUSD,sell,0.65,4 427.60,4 435.50,4 408.51,2026.01.08 15:44:04,4 435.62,- 4.56,0.00,- 521.30
2026.01.08 16:00:09,1399690638,XAUUSD,sell,0.32,4 422.42,4 438.00,4 383.47,2026.01.08 16:50:11,4 438.06,- 2.24,0.00,- 500.48
2026.01.08 17:20:09,1399952202,XAUUSD,buy,0.24,4 449.88,4 429.50,4 501.60,2026.01.08 20:20:09,4 453.26,- 1.68,0.00, 81.12
2026.01.08 18:00:09,1400043351,XAUUSD,sell,0.84,4 453.69,4 459.50,4 438.60,2026.01.08 18:33:04,4 459.60,- 5.88,0.00,- 496.44
2026.01.08 18:00:09,1400043382,XAUUSD,sell,0.86,4 453.94,4 459.50,4 439.16,2026.01.08 18:33:04,4 459.60,- 6.02,0.00,- 486.76
2026.01.08 19:00:09,1400153314,XAUUSD,sell,1.85,4 464.31,4 467.00,4 457.51,2026.01.08 20:04:04,4 457.52,- 12.96,0.00,1 256.15
2026.01.08 19:20:09,1400183281,XAUUSD,sell,0.55,4 459.35,4 468.50,4 436.51,2026.01.08 22:20:14,4 459.01,- 3.86,0.00, 18.70
2026.01.08 20:20:09,1400270707,XAUUSD,sell,0.41,4 453.17,4 465.50,4 422.66,2026.01.08 22:25:11,4 465.73,- 2.88,0.00,- 514.96
2026.01.08 20:20:10,1400270730,XAUUSD,sell,0.41,4 453.07,4 465.50,4 422.35,2026.01.08 22:25:11,4 465.73,- 2.88,0.00,- 519.06
2026.01.08 23:00:09,1400510851,XAUUSD,sell,0.81,4 478.27,4 484.50,4 462.94,2026.01.09 02:00:09,4 475.39,- 5.68, 40.39, 233.28
2026.01.08 23:20:09,1400528400,XAUUSD,sell,0.49,4 474.41,4 484.50,4 449.05,2026.01.09 02:20:09,4 470.95,- 3.44, 24.43, 169.54
2026.01.08 23:20:09,1400528408,XAUUSD,sell,0.5,4 474.41,4 484.50,4 449.18,2026.01.09 02:20:10,4 470.90,- 3.50, 24.93, 175.50
2026.01.09 02:00:09,1400628964,XAUUSD,buy,0.44,4 475.39,4 464.00,4 503.87,2026.01.09 02:28:29,4 463.80,- 3.08,0.00,- 509.96
2026.01.09 02:20:10,1400650873,XAUUSD,sell,0.45,4 470.81,4 482.00,4 443.01,2026.01.09 05:20:09,4 464.76,- 3.16,0.00, 272.25
2026.01.09 02:40:10,1400679090,XAUUSD,sell,0.35,4 467.78,4 482.00,4 432.16,2026.01.09 05:40:18,4 465.59,- 2.46,0.00, 76.65
2026.01.09 02:40:10,1400679096,XAUUSD,sell,0.35,4 467.78,4 482.00,4 432.23,2026.01.09 05:40:19,4 465.59,- 2.46,0.00, 76.65
2026.01.09 05:40:19,1400897091,XAUUSD,sell,0.44,4 465.54,4 477.00,4 436.89,2026.01.09 08:40:09,4 474.26,- 3.08,0.00,- 383.68
2026.01.09 05:40:20,1400897099,XAUUSD,sell,0.44,4 465.54,4 477.00,4 436.89,2026.01.09 08:40:09,4 474.32,- 3.08,0.00,- 386.32
2026.01.09 06:00:09,1400910347,XAUUSD,sell,0.39,4 464.38,4 477.00,4 432.34,2026.01.09 08:48:12,4 477.42,- 2.74,0.00,- 508.56
2026.01.09 09:00:09,1401094047,XAUUSD,sell,1.62,4 473.89,4 477.00,4 466.22,2026.01.09 10:13:35,4 477.04,- 11.34,0.00,- 510.30
2026.01.09 09:20:09,1401119722,XAUUSD,sell,0.54,4 472.69,4 482.00,4 449.80,2026.01.09 12:20:09,4 473.16,- 3.78,0.00,- 25.38
2026.01.09 09:20:10,1401119788,XAUUSD,sell,0.53,4 472.63,4 482.00,4 449.20,2026.01.09 12:20:09,4 473.16,- 3.72,0.00,- 28.09
2026.01.09 10:20:10,1401207711,XAUUSD,sell,0.65,4 474.28,4 482.00,4 455.01,2026.01.09 13:20:19,4 472.10,- 4.56,0.00, 141.70
2026.01.09 12:20:10,1401358527,XAUUSD,buy,4.31,4 473.13,4 472.00,4 476.06,2026.01.09 12:24:09,4 471.96,- 30.18,0.00,- 504.27
2026.01.09 12:40:12,1401381122,XAUUSD,sell,0.44,4 470.52,4 482.00,4 441.79,2026.01.09 15:32:28,4 482.08,- 3.08,0.00,- 508.64
2026.01.09 12:40:12,1401381124,XAUUSD,sell,0.44,4 470.52,4 482.00,4 441.82,2026.01.09 15:32:28,4 482.08,- 3.08,0.00,- 508.64
2026.01.09 14:00:09,1401466449,XAUUSD,sell,0.95,4 476.70,4 482.00,4 463.49,2026.01.09 14:33:08,4 462.25,- 6.66,0.00,1 372.75
2026.01.09 15:00:10,1401567023,XAUUSD,buy,0.37,4 466.93,4 453.50,4 501.10,2026.01.09 17:21:24,4 501.23,- 2.60,0.00,1 269.10
2026.01.09 16:00:09,1401764388,XAUUSD,sell,0.39,4 484.96,4 497.00,4 452.34,2026.01.09 16:36:32,4 497.00,- 2.74,0.00,- 469.56
2026.01.09 16:00:10,1401764491,XAUUSD,sell,0.42,4 484.80,4 497.00,4 454.86,2026.01.09 16:36:32,4 497.00,- 2.94,0.00,- 512.40
2026.01.09 16:40:10,1401887210,XAUUSD,buy,0.24,4 495.79,4 475.00,4 548.22,2026.01.09 19:40:10,4 505.22,- 1.68,0.00, 226.32
2026.01.09 16:40:10,1401887239,XAUUSD,buy,0.24,4 496.13,4 475.00,4 548.92,2026.01.09 19:40:10,4 505.18,- 1.68,0.00, 217.20
2026.01.09 17:40:10,1402086545,XAUUSD,buy,0.31,4 515.17,4 499.00,4 555.38,2026.01.09 19:48:54,4 498.73,- 2.18,0.00,- 509.64
2026.01.09 21:20:10,1402493011,XAUUSD,buy,0.82,4 498.10,4 492.00,4 513.28,2026.01.12 01:02:00,4 516.25,- 5.74,- 47.20,1 488.30
2026.01.09 21:20:10,1402493014,XAUUSD,buy,0.82,4 498.10,4 492.00,4 513.35,2026.01.12 01:02:00,4 516.25,- 5.74,- 47.20,1 488.30
2026.01.09 21:40:09,1402516958,XAUUSD,buy,0.34,4 500.23,4 485.50,4 537.05,2026.01.12 01:20:09,4 533.04,- 2.38,- 19.57,1 115.54
2026.01.12 01:20:09,1403105820,XAUUSD,buy,0.26,4 533.14,4 514.00,4 580.99,2026.01.12 02:36:44,4 581.01,- 1.82,0.00,1 244.62
2026.01.12 01:20:10,1403105826,XAUUSD,buy,0.26,4 533.12,4 514.00,4 580.99,2026.01.12 02:36:44,4 581.01,- 1.82,0.00,1 245.14
2026.01.12 02:20:09,1403207946,XAUUSD,buy,0.36,4 562.86,4 549.00,4 597.48,2026.01.12 02:48:38,4 597.62,- 2.52,0.00,1 251.36
2026.01.12 03:40:10,1403397523,XAUUSD,buy,0.41,4 579.82,4 567.50,4 610.59,2026.01.12 04:03:27,4 567.59,- 2.88,0.00,- 501.43
2026.01.12 03:40:10,1403397538,XAUUSD,buy,0.41,4 579.89,4 567.50,4 610.62,2026.01.12 04:03:27,4 567.59,- 2.88,0.00,- 504.30
2026.01.12 04:00:19,1403429276,XAUUSD,buy,0.97,4 572.82,4 567.50,4 585.63,2026.01.12 04:03:27,4 567.59,- 6.80,0.00,- 507.31
2026.01.12 05:40:10,1403559533,XAUUSD,buy,1.54,4 576.74,4 573.50,4 584.84,2026.01.12 05:43:32,4 573.48,- 10.78,0.00,- 502.04
2026.01.12 07:00:09,1403640503,XAUUSD,buy,0.44,4 568.34,4 557.00,4 596.69,2026.01.12 10:00:09,4 586.43,- 3.08,0.00, 795.96
2026.01.12 07:00:10,1403640522,XAUUSD,buy,0.44,4 568.27,4 557.00,4 596.69,2026.01.12 10:00:09,4 586.29,- 3.08,0.00, 792.88
2026.01.12 07:20:09,1403660170,XAUUSD,buy,0.33,4 572.28,4 557.00,4 610.48,2026.01.12 10:20:14,4 582.88,- 2.32,0.00, 349.80
2026.01.12 10:20:14,1403910950,XAUUSD,sell,0.56,4 582.89,4 592.00,4 560.85,2026.01.12 10:47:45,4 592.16,- 3.92,0.00,- 519.12
2026.01.12 10:20:15,1403911105,XAUUSD,sell,0.55,4 582.89,4 592.00,4 560.08,2026.01.12 10:47:45,4 592.16,- 3.86,0.00,- 509.85
2026.01.12 10:20:15,1403911135,XAUUSD,sell,0.55,4 582.80,4 592.00,4 560.12,2026.01.12 10:47:45,4 592.16,- 3.86,0.00,- 514.80
2026.01.12 11:40:09,1404042089,XAUUSD,sell,0.87,4 594.30,4 600.00,4 579.98,2026.01.12 14:08:50,4 580.36,- 6.10,0.00,1 212.78
2026.01.12 11:40:09,1404042112,XAUUSD,sell,0.88,4 594.27,4 600.00,4 580.05,2026.01.12 14:08:50,4 580.36,- 6.16,0.00,1 224.08
2026.01.12 12:00:10,1404071230,XAUUSD,sell,0.41,4 590.64,4 603.00,4 560.16,2026.01.12 15:00:09,4 590.05,- 2.88,0.00, 24.19
2026.01.12 14:20:10,1404272338,XAUUSD,buy,1.38,4 580.11,4 576.50,4 589.20,2026.01.12 14:51:52,4 589.21,- 9.66,0.00,1 255.80
2026.01.12 14:40:09,1404301849,XAUUSD,buy,0.34,4 585.24,4 570.50,4 622.09,2026.01.12 17:26:29,4 622.02,- 2.38,0.00,1 250.52
2026.01.12 16:40:09,1404618824,XAUUSD,buy,0.29,4 609.52,4 592.50,4 652.07,2026.01.12 19:40:09,4 613.76,- 2.04,0.00, 122.96
2026.01.12 16:40:11,1404618861,XAUUSD,buy,0.29,4 610.05,4 592.50,4 652.28,2026.01.12 19:40:10,4 613.79,- 2.04,0.00, 108.46
2026.01.12 18:00:10,1404830924,XAUUSD,sell,0.68,4 622.04,4 629.50,4 603.63,2026.01.12 18:14:08,4 629.62,- 4.76,0.00,- 515.44
2026.01.12 18:40:10,1404911378,XAUUSD,sell,0.24,4 613.16,4 634.00,4 560.64,2026.01.12 21:40:09,4 616.81,- 1.68,0.00,- 87.60
2026.01.12 20:00:09,1405039999,XAUUSD,buy,0.41,4 617.23,4 605.00,4 647.32,2026.01.12 20:16:08,4 604.30,- 2.88,0.00,- 530.13
2026.01.12 20:00:10,1405040013,XAUUSD,buy,0.41,4 617.23,4 605.00,4 647.80,2026.01.12 20:16:08,4 604.30,- 2.88,0.00,- 530.13
2026.01.12 21:00:09,1405128355,XAUUSD,buy,0.41,4 611.04,4 599.00,4 641.32,2026.01.12 22:42:13,4 599.01,- 2.88,0.00,- 493.23
2026.01.12 21:00:10,1405128378,XAUUSD,buy,0.42,4 611.03,4 599.00,4 641.14,2026.01.12 22:42:13,4 599.01,- 2.94,0.00,- 504.84
2026.01.12 22:00:09,1405191888,XAUUSD,sell,0.43,4 610.95,4 622.50,4 582.07,2026.01.13 01:05:49,4 593.63,- 3.02, 21.61, 744.76
2026.01.13 02:20:09,1405438192,XAUUSD,sell,0.46,4 594.66,4 605.50,4 567.60,2026.01.13 05:20:09,4 597.74,- 3.22,0.00,- 141.68
2026.01.13 02:20:10,1405438205,XAUUSD,sell,0.46,4 594.66,4 605.50,4 567.56,2026.01.13 05:20:09,4 597.69,- 3.22,0.00,- 139.38
2026.01.13 03:00:09,1405484957,XAUUSD,buy,0.51,4 586.20,4 576.50,4 610.62,2026.01.13 03:32:01,4 575.98,- 3.58,0.00,- 521.22
2026.01.13 03:40:09,1405555419,XAUUSD,buy,0.67,4 583.90,4 576.50,4 602.47,2026.01.13 06:40:09,4 595.86,- 4.70,0.00, 801.32
2026.01.13 11:00:10,1406088481,XAUUSD,sell,0.55,4 592.94,4 602.00,4 570.12,2026.01.13 14:00:09,4 588.96,- 3.86,0.00, 218.90
2026.01.13 11:00:10,1406088505,XAUUSD,sell,0.55,4 592.88,4 602.00,4 570.29,2026.01.13 14:00:10,4 588.86,- 3.86,0.00, 221.10
2026.01.13 11:20:09,1406114443,XAUUSD,sell,0.54,4 592.80,4 602.00,4 569.84,2026.01.13 14:20:09,4 583.90,- 3.78,0.00, 480.60
2026.01.13 15:20:09,1406444447,XAUUSD,buy,4.13,4 601.92,4 601.00,4 605.24,2026.01.13 15:24:31,4 605.37,- 28.92,0.00,1 424.85
2026.01.13 16:00:09,1406593090,XAUUSD,sell,0.43,4 610.54,4 622.00,4 581.26,2026.01.13 16:22:56,4 622.08,- 3.02,0.00,- 496.22
2026.01.13 16:00:10,1406593117,XAUUSD,sell,0.44,4 610.36,4 622.00,4 581.89,2026.01.13 16:22:56,4 622.08,- 3.08,0.00,- 515.68
2026.01.13 16:40:10,1406708060,XAUUSD,sell,0.85,4 616.66,4 622.50,4 601.99,2026.01.13 16:43:22,4 622.72,- 5.96,0.00,- 515.10
2026.01.13 16:40:10,1406708093,XAUUSD,sell,0.86,4 616.36,4 622.50,4 602.06,2026.01.13 16:43:22,4 622.72,- 6.02,0.00,- 546.96
2026.01.13 18:20:19,1407035896,XAUUSD,sell,0.25,4 609.86,4 629.50,4 560.73,2026.01.13 21:20:10,4 591.37,- 1.76,0.00, 462.25
2026.01.13 18:20:19,1407035905,XAUUSD,sell,0.25,4 609.87,4 629.50,4 560.65,2026.01.13 21:20:11,4 591.41,- 1.76,0.00, 461.50
2026.01.13 18:20:20,1407035911,XAUUSD,sell,0.25,4 609.82,4 629.50,4 560.80,2026.01.13 21:20:11,4 591.44,- 1.76,0.00, 459.50
2026.01.13 23:40:09,1407579671,XAUUSD,buy,0.34,4 588.01,4 573.50,4 624.35,2026.01.14 02:40:10,4 608.42,- 2.38,- 20.10, 693.94
2026.01.13 23:40:10,1407579673,XAUUSD,buy,0.34,4 587.99,4 573.50,4 624.29,2026.01.14 02:40:11,4 608.22,- 2.38,- 20.10, 687.82
2026.01.14 01:20:09,1407636502,XAUUSD,buy,0.26,4 595.47,4 576.50,4 642.62,2026.01.14 04:20:09,4 618.48,- 1.82,0.00, 598.26
2026.01.14 02:40:10,1407713353,XAUUSD,sell,3.16,4 608.24,4 610.00,4 604.47,2026.01.14 02:41:49,4 610.51,- 22.12,0.00,- 717.32
2026.01.14 03:20:10,1407764092,XAUUSD,buy,0.59,4 617.26,4 609.00,4 638.54,2026.01.14 06:20:10,4 628.30,- 4.14,0.00, 651.36
2026.01.14 03:20:10,1407764103,XAUUSD,buy,0.61,4 617.31,4 609.00,4 637.91,2026.01.14 06:20:10,4 628.31,- 4.28,0.00, 671.00
2026.01.14 05:00:09,1407875866,XAUUSD,sell,0.42,4 620.54,4 632.50,4 590.50,2026.01.14 07:01:38,4 632.80,- 2.94,0.00,- 514.92
2026.01.14 06:40:09,1407981095,XAUUSD,sell,0.49,4 628.26,4 638.50,4 602.66,2026.01.14 07:02:03,4 638.46,- 3.44,0.00,- 499.80
2026.01.14 07:00:09,1408000808,XAUUSD,sell,2.31,4 630.34,4 632.50,4 624.94,2026.01.14 07:01:38,4 632.80,- 16.18,0.00,- 568.26
2026.01.14 08:00:09,1408085178,XAUUSD,sell,0.25,4 621.63,4 642.00,4 571.65,2026.01.14 11:00:10,4 634.60,- 1.76,0.00,- 324.25
2026.01.14 08:00:10,1408085200,XAUUSD,sell,0.25,4 621.64,4 642.00,4 570.70,2026.01.14 11:00:10,4 634.65,- 1.76,0.00,- 325.25
2026.01.14 08:00:10,1408085234,XAUUSD,sell,0.25,4 621.78,4 642.00,4 570.74,2026.01.14 11:00:11,4 634.62,- 1.76,0.00,- 321.00
2026.01.14 11:40:10,1408389191,XAUUSD,sell,0.42,4 630.20,4 642.00,4 600.70,2026.01.14 14:40:10,4 635.78,- 2.94,0.00,- 234.36
2026.01.14 11:40:10,1408389205,XAUUSD,sell,0.42,4 630.20,4 642.00,4 600.70,2026.01.14 14:40:11,4 635.70,- 2.94,0.00,- 231.00
2026.01.14 11:40:10,1408389213,XAUUSD,sell,0.42,4 630.20,4 642.00,4 600.70,2026.01.14 14:40:11,4 635.71,- 2.94,0.00,- 231.42
2026.01.14 18:00:09,1409221758,XAUUSD,sell,0.4,4 618.95,4 631.50,4 587.57,2026.01.14 20:31:46,4 631.75,- 2.80,0.00,- 512.00
2026.01.14 18:00:10,1409221780,XAUUSD,sell,0.4,4 618.94,4 631.50,4 587.57,2026.01.14 20:31:46,4 631.75,- 2.80,0.00,- 512.40
2026.01.14 20:20:10,1409503127,XAUUSD,buy,0.26,4 626.54,4 608.00,4 674.12,2026.01.14 23:20:09,4 625.84,- 1.82,0.00,- 18.20
2026.01.14 21:20:09,1409600310,XAUUSD,sell,2.08,4 638.59,4 641.00,4 632.60,2026.01.14 21:45:45,4 640.46,- 14.56,0.00,- 388.96
2026.01.14 21:20:10,1409600319,XAUUSD,sell,2.07,4 638.58,4 641.00,4 632.53,2026.01.14 21:45:45,4 640.46,- 14.50,0.00,- 389.16
2026.01.14 22:00:09,1409652322,XAUUSD,sell,0.9,4 640.08,4 645.50,4 626.01,2026.01.14 22:44:45,4 626.46,- 6.30,0.00,1 225.80
2026.01.14 22:20:10,1409705336,XAUUSD,sell,0.49,4 635.15,4 645.50,4 609.49,2026.01.15 01:20:09,4 612.17,- 3.44, 76.67,1 126.02
2026.01.14 23:00:10,1409762552,XAUUSD,sell,0.38,4 632.14,4 645.50,4 598.99,2026.01.15 02:00:09,4 615.84,- 2.66, 59.46, 619.40
2026.01.14 23:20:09,1409783581,XAUUSD,sell,0.28,4 625.77,4 643.50,4 581.69,2026.01.15 02:20:10,4 616.44,- 1.96, 43.81, 261.24
2026.01.15 01:20:09,1409867008,XAUUSD,sell,0.31,4 612.00,4 628.00,4 572.35,2026.01.15 04:20:10,4 614.34,- 2.18,0.00,- 72.54
2026.01.15 02:40:09,1409966371,XAUUSD,sell,0.67,4 615.53,4 623.00,4 596.85,2026.01.15 03:30:40,4 596.63,- 4.70,0.00,1 266.30
2026.01.15 03:00:09,1409991572,XAUUSD,sell,0.46,4 612.44,4 623.00,4 585.27,2026.01.15 03:32:03,4 585.48,- 3.22,0.00,1 240.16
2026.01.15 03:40:10,1410084482,XAUUSD,sell,1.02,4 595.61,4 600.50,4 583.32,2026.01.15 03:41:44,4 600.60,- 7.14,0.00,- 508.98
2026.01.15 05:00:09,1410209202,XAUUSD,buy,1.54,4 602.58,4 599.50,4 610.84,2026.01.15 05:02:52,4 599.18,- 10.78,0.00,- 523.60
2026.01.15 06:00:18,1410308498,XAUUSD,sell,0.51,4 592.18,4 602.00,4 567.91,2026.01.15 08:07:20,4 602.00,- 3.58,0.00,- 500.82
2026.01.15 06:00:19,1410308512,XAUUSD,sell,0.51,4 592.15,4 602.00,4 567.63,2026.01.15 08:07:20,4 602.00,- 3.58,0.00,- 502.35
2026.01.15 06:40:10,1410355469,XAUUSD,sell,0.76,4 595.33,4 602.00,4 578.83,2026.01.15 08:07:20,4 602.00,- 5.32,0.00,- 506.92
2026.01.15 10:20:19,1410684662,XAUUSD,buy,0.53,4 606.23,4 596.50,4 629.61,2026.01.15 13:20:09,4 618.82,- 3.72,0.00, 667.27
2026.01.15 10:20:20,1410684926,XAUUSD,buy,0.51,4 606.23,4 596.50,4 630.55,2026.01.15 13:20:10,4 618.92,- 3.58,0.00, 647.19
2026.01.15 10:20:20,1410684960,XAUUSD,buy,0.51,4 606.23,4 596.50,4 630.55,2026.01.15 13:20:11,4 618.95,- 3.58,0.00, 648.72
2026.01.15 13:20:10,1410928274,XAUUSD,sell,0.43,4 618.95,4 630.50,4 590.07,2026.01.15 15:41:45,4 589.95,- 3.02,0.00,1 247.00
2026.01.15 13:40:10,1410949756,XAUUSD,sell,0.54,4 621.29,4 630.50,4 598.30,2026.01.15 15:31:29,4 597.78,- 3.78,0.00,1 269.54
2026.01.15 14:00:09,1410977672,XAUUSD,sell,0.43,4 618.82,4 630.50,4 589.87,2026.01.15 15:43:57,4 589.76,- 3.02,0.00,1 249.58
2026.01.15 15:40:09,1411162885,XAUUSD,sell,0.33,4 594.77,4 610.00,4 556.31,2026.01.15 16:32:48,4 610.20,- 2.32,0.00,- 509.19
2026.01.15 16:00:09,1411221420,XAUUSD,buy,4.55,4 588.06,4 587.00,4 590.85,2026.01.15 16:00:15,4 586.89,- 31.86,0.00,- 532.35
2026.01.15 17:40:10,1411499869,XAUUSD,sell,0.36,4 613.32,4 627.00,4 579.01,2026.01.15 20:40:09,4 618.08,- 2.52,0.00,- 171.36
2026.01.15 17:40:10,1411499887,XAUUSD,sell,0.37,4 613.37,4 627.00,4 579.12,2026.01.15 20:40:10,4 618.04,- 2.60,0.00,- 172.79
2026.01.15 17:40:10,1411499896,XAUUSD,sell,0.37,4 613.40,4 627.00,4 579.40,2026.01.15 20:40:11,4 618.11,- 2.60,0.00,- 174.27
2026.01.15 20:40:10,1411820100,XAUUSD,sell,1.2,4 617.83,4 622.00,4 607.40,2026.01.15 22:09:51,4 607.39,- 8.40,0.00,1 252.80
2026.01.15 21:00:10,1411845144,XAUUSD,sell,0.53,4 617.68,4 627.00,4 594.13,2026.01.16 01:05:51,4 620.37,- 3.72, 27.64,- 142.57
2026.01.15 21:20:09,1411869195,XAUUSD,sell,0.68,4 619.28,4 626.50,4 600.95,2026.01.15 22:18:13,4 600.94,- 4.76,0.00,1 247.12
2026.01.15 22:20:10,1411946706,XAUUSD,sell,0.28,4 602.64,4 620.00,4 557.49,2026.01.16 01:05:34,4 620.12,- 1.96, 14.60,- 489.44
2026.01.15 22:20:10,1411946805,XAUUSD,sell,0.29,4 602.86,4 620.00,4 559.24,2026.01.16 01:05:34,4 620.12,- 2.04, 15.13,- 500.54
2026.01.16 01:40:09,1412108256,XAUUSD,buy,1.09,4 608.54,4 604.00,4 620.07,2026.01.16 02:08:28,4 603.62,- 7.64,0.00,- 536.28
2026.01.16 02:00:09,1412122948,XAUUSD,buy,0.83,4 609.99,4 604.00,4 624.96,2026.01.16 02:08:28,4 603.62,- 5.82,0.00,- 528.71
2026.01.16 02:20:09,1412140583,XAUUSD,buy,1.13,4 608.43,4 604.00,4 619.47,2026.01.16 02:33:26,4 603.87,- 7.92,0.00,- 515.28
2026.01.16 03:00:09,1412179093,XAUUSD,buy,1.23,4 598.21,4 594.00,4 608.28,2026.01.16 03:01:10,4 594.12,- 8.62,0.00,- 503.07
2026.01.16 03:20:10,1412209195,XAUUSD,buy,0.52,4 603.43,4 594.00,4 627.70,2026.01.16 04:35:30,4 594.06,- 3.64,0.00,- 487.24
2026.01.16 03:20:10,1412209208,XAUUSD,buy,0.53,4 603.45,4 594.00,4 627.01,2026.01.16 04:35:30,4 594.06,- 3.72,0.00,- 497.67
2026.01.16 04:00:09,1412256808,XAUUSD,sell,0.47,4 600.37,4 611.00,4 573.80,2026.01.16 07:00:09,4 601.43,- 3.30,0.00,- 49.82
2026.01.16 04:40:10,1412309919,XAUUSD,buy,1.54,4 594.87,4 591.00,4 602.38,2026.01.16 07:30:49,4 602.86,- 10.78,0.00,1 230.46
2026.01.16 04:40:10,1412309996,XAUUSD,sell,0.31,4 594.92,4 611.00,4 554.37,2026.01.16 07:40:10,4 603.28,- 2.18,0.00,- 259.16
2026.01.16 07:00:10,1412422928,XAUUSD,buy,0.42,4 601.43,4 589.50,4 631.26,2026.01.16 10:00:09,4 606.16,- 2.94,0.00, 198.66
2026.01.16 07:40:10,1412462632,XAUUSD,buy,2.89,4 603.26,4 601.50,4 607.55,2026.01.16 07:45:03,4 607.54,- 20.24,0.00,1 236.92
2026.01.16 08:00:09,1412494248,XAUUSD,buy,0.55,4 612.18,4 603.00,4 634.60,2026.01.16 08:31:30,4 602.98,- 3.86,0.00,- 506.00
2026.01.16 08:00:12,1412494282,XAUUSD,buy,0.54,4 612.10,4 603.00,4 635.13,2026.01.16 08:31:30,4 602.98,- 3.78,0.00,- 492.48
2026.01.16 12:00:10,1412799626,XAUUSD,buy,0.97,4 601.23,4 596.00,4 614.10,2026.01.16 13:41:21,4 614.09,- 6.80,0.00,1 247.42
2026.01.16 14:00:09,1412956382,XAUUSD,sell,0.86,4 612.11,4 618.00,4 597.74,2026.01.16 14:52:59,4 597.58,- 6.02,0.00,1 249.58
2026.01.16 14:00:10,1412956434,XAUUSD,sell,0.84,4 612.03,4 618.00,4 597.18,2026.01.16 15:10:00,4 597.20,- 5.88,0.00,1 245.72
2026.01.16 14:20:10,1412982084,XAUUSD,sell,0.87,4 612.29,4 618.00,4 597.98,2026.01.16 14:52:59,4 597.58,- 6.10,0.00,1 279.77
2026.01.16 15:20:09,1413102506,XAUUSD,sell,0.21,4 583.88,4 608.00,4 523.93,2026.01.16 16:12:09,4 608.25,- 1.48,0.00,- 511.77
2026.01.16 15:20:10,1413102538,XAUUSD,sell,0.21,4 583.94,4 608.00,4 523.58,2026.01.16 16:12:09,4 608.25,- 1.48,0.00,- 510.51
2026.01.16 15:20:10,1413102554,XAUUSD,sell,0.21,4 583.93,4 608.00,4 523.79,2026.01.16 16:12:09,4 608.25,- 1.48,0.00,- 510.72
2026.01.16 16:40:10,1413303389,XAUUSD,sell,0.84,4 606.04,4 612.00,4 591.21,2026.01.16 16:47:01,4 611.88,- 5.88,0.00,- 490.56
2026.01.16 16:40:10,1413303409,XAUUSD,sell,0.84,4 606.03,4 612.00,4 591.10,2026.01.16 16:47:01,4 611.88,- 5.88,0.00,- 491.40
2026.01.16 16:40:11,1413303435,XAUUSD,sell,0.84,4 605.49,4 612.00,4 591.10,2026.01.16 16:47:01,4 611.88,- 5.88,0.00,- 536.76
2026.01.16 17:00:10,1413359078,XAUUSD,sell,0.91,4 609.18,4 614.50,4 595.25,2026.01.16 17:02:49,4 614.52,- 6.38,0.00,- 485.94
2026.01.16 17:20:10,1413419267,XAUUSD,sell,0.45,4 607.54,4 618.50,4 579.37,2026.01.16 17:28:07,4 579.30,- 3.16,0.00,1 270.80
2026.01.16 17:20:10,1413419322,XAUUSD,sell,0.46,4 606.86,4 618.50,4 580.14,2026.01.16 17:27:20,4 580.04,- 3.22,0.00,1 233.72
2026.01.16 18:40:09,1413706101,XAUUSD,sell,0.73,4 595.16,4 602.00,4 578.02,2026.01.16 19:29:43,4 577.51,- 5.12,0.00,1 288.45
2026.01.16 19:40:09,1413816436,XAUUSD,sell,0.45,4 585.00,4 596.00,4 556.84,2026.01.16 20:33:52,4 596.19,- 3.16,0.00,- 503.55
2026.01.16 20:20:10,1413876718,XAUUSD,buy,0.33,4 585.65,4 570.50,4 623.49,2026.01.16 23:20:09,4 597.78,- 2.32,0.00, 400.29
2026.01.16 20:20:10,1413876746,XAUUSD,buy,0.33,4 586.06,4 570.50,4 623.52,2026.01.16 23:20:10,4 597.78,- 2.32,0.00, 386.76
2026.01.16 20:40:09,1413904108,XAUUSD,buy,0.24,4 592.86,4 572.00,4 645.01,2026.01.16 23:40:10,4 595.08,- 1.68,0.00, 53.28
2026.01.19 05:40:10,1415089312,XAUUSD,sell,0.34,4 663.18,4 678.00,4 626.02,2026.01.19 08:40:09,4 674.33,- 2.38,0.00,- 379.10
2026.01.19 05:40:10,1415089321,XAUUSD,sell,0.34,4 663.19,4 678.00,4 626.16,2026.01.19 08:40:10,4 674.34,- 2.38,0.00,- 379.10
2026.01.19 05:40:10,1415089327,XAUUSD,sell,0.34,4 663.19,4 678.00,4 626.16,2026.01.19 08:40:11,4 674.35,- 2.38,0.00,- 379.44
2026.01.19 10:00:09,1415371441,XAUUSD,sell,0.37,4 665.13,4 678.50,4 631.70,2026.01.19 13:00:09,4 664.16,- 2.60,0.00, 35.89
2026.01.19 10:00:09,1415371509,XAUUSD,sell,0.37,4 665.13,4 678.50,4 631.70,2026.01.19 13:00:11,4 664.35,- 2.60,0.00, 28.86
2026.01.19 10:20:09,1415409751,XAUUSD,buy,0.66,4 667.56,4 660.00,4 686.46,2026.01.19 13:20:09,4 662.83,- 4.62,0.00,- 312.18
2026.01.19 13:00:11,1415621449,XAUUSD,buy,0.81,4 664.23,4 658.00,4 679.66,2026.01.19 16:00:10,4 666.42,- 5.68,0.00, 177.39
2026.01.19 13:00:12,1415621561,XAUUSD,sell,0.51,4 664.22,4 674.00,4 639.95,2026.01.19 15:33:17,4 673.94,- 3.58,0.00,- 495.72
2026.01.19 13:20:09,1415641098,XAUUSD,buy,0.92,4 662.82,4 657.50,4 676.43,2026.01.19 16:20:10,4 668.32,- 6.44,0.00, 506.00
2026.01.19 16:20:10,1415898937,XAUUSD,buy,0.46,4 668.34,4 657.50,4 695.72,2026.01.19 19:20:10,4 670.75,- 3.22,0.00, 110.86
2026.01.19 16:40:09,1415931955,XAUUSD,buy,0.75,4 664.62,4 658.00,4 681.24,2026.01.19 19:40:09,4 673.25,- 5.26,0.00, 647.25
2026.01.19 17:00:09,1415966652,XAUUSD,buy,0.68,4 665.16,4 658.00,4 683.65,2026.01.19 20:00:10,4 675.74,- 4.76,0.00, 719.44
2026.01.20 02:40:10,1416449057,XAUUSD,buy,2.89,4 662.25,4 660.50,4 666.55,2026.01.20 02:59:54,4 660.43,- 20.24,0.00,- 525.98
2026.01.20 03:40:09,1416522430,XAUUSD,buy,0.57,4 674.77,4 666.00,4 696.59,2026.01.20 03:57:17,4 666.70,- 4.00,0.00,- 459.99
2026.01.20 03:40:10,1416522444,XAUUSD,buy,0.57,4 674.73,4 666.00,4 696.70,2026.01.20 03:57:17,4 666.70,- 4.00,0.00,- 457.71
2026.01.20 03:40:10,1416522450,XAUUSD,buy,0.57,4 674.62,4 666.00,4 696.55,2026.01.20 03:57:17,4 666.70,- 4.00,0.00,- 451.44
2026.01.20 07:00:10,1416736972,XAUUSD,buy,0.93,4 697.26,4 691.50,4 710.23,2026.01.20 07:54:35,4 710.25,- 6.52,0.00,1 208.07
2026.01.20 07:00:10,1416737079,XAUUSD,buy,0.87,4 697.26,4 691.50,4 711.66,2026.01.20 07:55:18,4 711.96,- 6.10,0.00,1 278.90
2026.01.20 11:00:09,1417148671,XAUUSD,buy,0.24,4 729.91,4 709.00,4 782.15,2026.01.20 14:00:11,4 730.71,- 1.68,0.00, 19.20
2026.01.20 11:00:10,1417148695,XAUUSD,buy,0.24,4 729.89,4 709.00,4 782.18,2026.01.20 14:00:12,4 730.69,- 1.68,0.00, 19.20
2026.01.20 11:00:10,1417148727,XAUUSD,buy,0.24,4 729.87,4 709.00,4 782.12,2026.01.20 14:00:13,4 730.69,- 1.68,0.00, 19.68
2026.01.20 14:00:12,1417435164,XAUUSD,buy,0.44,4 730.78,4 719.50,4 759.09,2026.01.20 15:21:57,4 719.54,- 3.08,0.00,- 494.56
2026.01.20 14:00:13,1417435224,XAUUSD,buy,0.44,4 730.84,4 719.50,4 759.01,2026.01.20 15:21:57,4 719.54,- 3.08,0.00,- 497.20
2026.01.20 15:00:09,1417519876,XAUUSD,buy,0.51,4 726.80,4 717.00,4 750.99,2026.01.20 15:22:12,4 716.82,- 3.58,0.00,- 508.98
2026.01.20 15:40:10,1417623482,XAUUSD,buy,1,4 721.97,4 717.00,4 734.50,2026.01.20 15:57:03,4 734.49,- 7.00,0.00,1 252.00
2026.01.20 15:40:10,1417623505,XAUUSD,buy,1.01,4 721.92,4 717.00,4 734.40,2026.01.20 15:57:02,4 734.36,- 7.08,0.00,1 256.44
2026.01.20 16:20:09,1417731591,XAUUSD,buy,0.87,4 744.56,4 739.00,4 759.05,2026.01.20 16:30:43,4 738.79,- 6.10,0.00,- 501.99
2026.01.20 16:20:10,1417731612,XAUUSD,buy,0.88,4 744.68,4 739.00,4 758.88,2026.01.20 16:30:43,4 738.79,- 6.16,0.00,- 518.32
2026.01.20 18:20:12,1418127482,XAUUSD,buy,2.73,4 740.73,4 739.00,4 745.40,2026.01.20 18:23:03,4 738.75,- 19.12,0.00,- 540.54
2026.01.20 23:00:09,1418700239,XAUUSD,buy,0.36,4 756.76,4 743.00,4 791.16,2026.01.21 02:00:09,4 775.09,- 2.52,- 21.11, 659.88
2026.01.20 23:00:09,1418700261,XAUUSD,buy,0.36,4 757.03,4 743.00,4 791.16,2026.01.21 02:00:10,4 775.12,- 2.52,- 21.11, 651.24
2026.01.20 23:00:10,1418700281,XAUUSD,buy,0.36,4 757.04,4 743.00,4 792.10,2026.01.21 02:00:11,4 775.08,- 2.52,- 21.11, 649.44
2026.01.21 02:40:10,1418880082,XAUUSD,buy,0.26,4 783.95,4 765.00,4 831.32,2026.01.21 03:30:34,4 831.76,- 1.82,0.00,1 243.06
2026.01.21 02:40:10,1418880086,XAUUSD,buy,0.26,4 783.92,4 765.00,4 831.32,2026.01.21 03:30:34,4 831.76,- 1.82,0.00,1 243.84
2026.01.21 02:40:10,1418880091,XAUUSD,buy,0.26,4 783.92,4 765.00,4 831.22,2026.01.21 03:30:34,4 831.76,- 1.82,0.00,1 243.84
2026.01.21 07:20:10,1419299715,XAUUSD,sell,1.71,4 874.08,4 877.00,4 866.78,2026.01.21 07:26:17,4 864.87,- 11.98,0.00,1 574.91
2026.01.21 09:40:09,1419562342,XAUUSD,buy,0.29,4 844.53,4 827.00,4 888.39,2026.01.21 12:40:10,4 863.29,- 2.04,0.00, 544.04
2026.01.21 09:40:09,1419562350,XAUUSD,buy,0.29,4 844.53,4 827.00,4 888.35,2026.01.21 12:40:10,4 863.25,- 2.04,0.00, 542.88
2026.01.21 09:40:10,1419562363,XAUUSD,sell,1.97,4 844.71,4 847.00,4 838.11,2026.01.21 09:40:45,4 846.99,- 13.80,0.00,- 449.16
2026.01.21 10:00:09,1419591339,XAUUSD,buy,0.24,4 854.76,4 834.00,4 906.66,2026.01.21 13:00:10,4 861.78,- 1.68,0.00, 168.48
2026.01.21 13:20:09,1419866409,XAUUSD,buy,0.32,4 870.59,4 855.00,4 909.63,2026.01.21 16:04:53,4 853.81,- 2.24,0.00,- 536.96
2026.01.21 13:20:10,1419866447,XAUUSD,buy,0.32,4 870.64,4 855.00,4 909.57,2026.01.21 16:04:53,4 853.81,- 2.24,0.00,- 538.56
2026.01.21 13:40:09,1419892631,XAUUSD,sell,0.49,4 864.70,4 875.00,4 838.95,2026.01.21 15:37:34,4 874.95,- 3.44,0.00,- 502.25
2026.01.21 16:20:09,1420259430,XAUUSD,sell,0.23,4 848.94,4 871.00,4 793.90,2026.01.21 16:39:47,4 869.88,- 1.62,0.00,- 481.62
2026.01.21 16:20:09,1420259455,XAUUSD,sell,0.23,4 848.97,4 871.00,4 793.79,2026.01.21 16:39:47,4 869.88,- 1.62,0.00,- 480.93
2026.01.21 17:40:14,1420606140,XAUUSD,buy,0.3,4 840.37,4 822.00,4 880.94,2026.01.21 18:52:04,4 822.76,- 2.10,0.00,- 528.30
2026.01.21 17:40:15,1420606342,XAUUSD,buy,0.27,4 840.38,4 822.00,4 886.30,2026.01.21 18:52:04,4 822.76,- 1.90,0.00,- 475.74
2026.01.21 18:00:09,1420672824,XAUUSD,sell,1.19,4 847.22,4 851.00,4 836.26,2026.01.21 18:02:16,4 851.39,- 8.34,0.00,- 496.23
2026.01.21 19:00:20,1420865906,XAUUSD,sell,0.19,4 833.27,4 859.50,4 767.35,2026.01.21 21:44:14,4 766.44,- 1.34,0.00,1 269.77
2026.01.21 19:00:21,1420865943,XAUUSD,sell,0.19,4 833.32,4 859.50,4 767.70,2026.01.21 21:44:14,4 766.44,- 1.34,0.00,1 270.72
2026.01.21 19:40:09,1420987644,XAUUSD,buy,0.87,4 816.75,4 811.00,4 831.16,2026.01.21 19:41:47,4 810.94,- 6.10,0.00,- 505.47
2026.01.21 21:20:09,1421217675,XAUUSD,sell,1.79,4 848.33,4 851.00,4 841.24,2026.01.21 21:22:32,4 851.13,- 12.54,0.00,- 501.20
2026.01.21 21:40:09,1421323972,XAUUSD,sell,0.06,4 771.98,4 859.50,4 554.20,2026.01.22 01:05:53,4 818.14,- 0.42, 9.35,- 276.96
2026.01.21 22:40:09,1421517103,XAUUSD,buy,0.69,4 806.38,4 799.00,4 824.30,2026.01.21 22:51:12,4 824.35,- 4.84,0.00,1 239.93
2026.01.21 22:40:10,1421517115,XAUUSD,buy,0.68,4 806.38,4 799.00,4 824.83,2026.01.21 22:51:18,4 824.83,- 4.76,0.00,1 254.60
2026.01.21 23:00:09,1421563791,XAUUSD,buy,0.17,4 823.73,4 794.00,4 897.70,2026.01.22 01:25:21,4 792.77,- 1.20,- 30.91,- 526.32
2026.01.21 23:00:10,1421563808,XAUUSD,buy,0.17,4 823.75,4 794.00,4 898.05,2026.01.22 01:25:21,4 792.77,- 1.20,- 30.91,- 526.66
2026.01.22 03:00:10,1421839493,XAUUSD,buy,0.27,4 793.64,4 774.50,4 839.99,2026.01.22 03:03:52,4 774.20,- 1.90,0.00,- 524.88
2026.01.22 03:00:10,1421839529,XAUUSD,buy,0.26,4 793.36,4 774.50,4 841.52,2026.01.22 03:03:52,4 774.20,- 1.82,0.00,- 498.16
2026.01.22 03:00:11,1421839554,XAUUSD,buy,0.27,4 793.70,4 774.50,4 840.51,2026.01.22 03:03:52,4 774.20,- 1.90,0.00,- 526.50
2026.01.22 03:40:10,1421920056,XAUUSD,sell,0.52,4 799.44,4 809.00,4 775.09,2026.01.22 04:39:30,4 774.89,- 3.64,0.00,1 276.60
2026.01.22 03:40:10,1421920065,XAUUSD,sell,0.52,4 800.16,4 809.00,4 775.57,2026.01.22 04:39:27,4 775.40,- 3.64,0.00,1 287.52
2026.01.22 04:00:10,1421943759,XAUUSD,sell,0.54,4 797.17,4 806.50,4 773.88,2026.01.22 07:00:09,4 796.33,- 3.78,0.00, 45.36
2026.01.22 08:00:09,1422212256,XAUUSD,buy,0.31,4 822.26,4 806.00,4 862.42,2026.01.22 11:00:09,4 830.10,- 2.18,0.00, 243.04
2026.01.22 08:00:10,1422212302,XAUUSD,buy,0.31,4 822.40,4 806.00,4 862.91,2026.01.22 11:00:10,4 830.32,- 2.18,0.00, 245.52
2026.01.22 08:20:09,1422241716,XAUUSD,sell,0.71,4 823.38,4 830.50,4 805.76,2026.01.22 09:03:23,4 830.64,- 4.98,0.00,- 515.46
2026.01.22 10:00:10,1422376837,XAUUSD,sell,0.75,4 833.37,4 840.00,4 816.80,2026.01.22 11:32:31,4 817.42,- 5.26,0.00,1 196.25
2026.01.22 12:00:09,1422568057,XAUUSD,buy,0.4,4 823.30,4 811.00,4 854.30,2026.01.22 15:00:10,4 817.92,- 2.80,0.00,- 215.20
2026.01.22 12:00:10,1422568093,XAUUSD,buy,0.41,4 823.28,4 811.00,4 854.05,2026.01.22 15:00:11,4 819.52,- 2.88,0.00,- 154.16
2026.01.22 12:20:09,1422601406,XAUUSD,buy,0.37,4 824.17,4 811.00,4 858.11,2026.01.22 15:20:10,4 832.05,- 2.60,0.00, 291.56
2026.01.22 15:00:10,1422842518,XAUUSD,sell,0.24,4 818.44,4 839.00,4 765.22,2026.01.22 16:32:42,4 839.66,- 1.68,0.00,- 509.28
2026.01.22 15:00:12,1422842692,XAUUSD,sell,0.26,4 819.86,4 839.00,4 770.82,2026.01.22 16:32:42,4 839.66,- 1.82,0.00,- 514.80
2026.01.22 15:20:10,1422891007,XAUUSD,buy,0.22,4 832.43,4 809.00,4 890.02,2026.01.22 18:20:10,4 878.18,- 1.54,0.00,1 006.50
2026.01.22 18:40:10,1423475557,XAUUSD,sell,1.38,4 881.38,4 885.00,4 872.33,2026.01.22 18:50:34,4 885.24,- 9.66,0.00,- 532.68
2026.01.22 18:40:10,1423475597,XAUUSD,buy,2.02,4 881.10,4 879.00,4 887.68,2026.01.22 18:55:38,4 878.48,- 14.14,0.00,- 529.24
2026.01.22 19:00:10,1423520103,XAUUSD,sell,0.37,4 877.41,4 891.00,4 843.79,2026.01.22 19:22:57,4 890.47,- 2.60,0.00,- 483.22
2026.01.22 19:00:10,1423520146,XAUUSD,sell,0.37,4 877.45,4 891.00,4 843.43,2026.01.22 19:22:57,4 890.47,- 2.60,0.00,- 481.74
2026.01.22 19:40:13,1423623841,XAUUSD,buy,0.62,4 894.01,4 885.50,4 913.92,2026.01.22 20:10:43,4 914.17,- 4.34,0.00,1 249.92
2026.01.22 19:40:13,1423623888,XAUUSD,buy,0.59,4 894.04,4 885.50,4 915.29,2026.01.22 20:38:41,4 915.45,- 4.14,0.00,1 263.19
2026.01.22 20:20:10,1423721011,XAUUSD,buy,0.82,4 912.57,4 906.50,4 927.74,2026.01.22 21:49:20,4 906.32,- 5.74,0.00,- 512.50
2026.01.22 20:20:10,1423721021,XAUUSD,buy,0.82,4 912.80,4 906.50,4 927.74,2026.01.22 21:49:20,4 906.32,- 5.74,0.00,- 531.36
2026.01.22 20:40:09,1423758533,XAUUSD,sell,1.3,4 914.09,4 918.00,4 904.52,2026.01.22 20:52:41,4 917.83,- 9.10,0.00,- 486.20
2026.01.22 21:00:10,1423793441,XAUUSD,sell,4.17,4 916.76,4 918.00,4 913.80,2026.01.22 21:00:26,4 918.03,- 29.20,0.00,- 529.59
2026.01.22 22:20:10,1423930535,XAUUSD,buy,0.22,4 926.53,4 904.00,4 982.85,2026.01.23 01:06:01,4 951.48,- 1.54,- 12.71, 548.90
2026.01.22 22:20:10,1423930550,XAUUSD,buy,0.22,4 926.58,4 904.00,4 982.85,2026.01.23 01:20:10,4 941.86,- 1.54,- 12.71, 336.16
2026.01.22 22:20:11,1423930568,XAUUSD,buy,0.22,4 926.44,4 904.00,4 982.89,2026.01.23 01:20:10,4 941.86,- 1.54,- 12.71, 339.24
2026.01.23 02:00:10,1424170124,XAUUSD,buy,0.14,4 958.60,4 924.00,5 044.99,2026.01.23 05:00:09,4 956.12,- 0.98,0.00,- 34.72
2026.01.23 02:00:10,1424170135,XAUUSD,buy,0.14,4 958.60,4 924.00,5 045.10,2026.01.23 05:00:10,4 956.25,- 0.98,0.00,- 32.90
2026.01.23 02:00:11,1424170145,XAUUSD,buy,0.14,4 958.60,4 924.00,5 045.10,2026.01.23 05:00:10,4 956.64,- 0.98,0.00,- 27.44
2026.01.23 08:20:10,1424634836,XAUUSD,sell,2.37,4 954.88,4 957.00,4 949.62,2026.01.23 08:22:59,4 957.44,- 16.60,0.00,- 606.72
2026.01.23 09:00:10,1424690164,XAUUSD,buy,0.5,4 953.09,4 943.00,4 977.82,2026.01.23 10:00:01,4 942.83,- 3.50,0.00,- 513.00
2026.01.23 09:00:11,1424690207,XAUUSD,buy,0.5,4 953.03,4 943.00,4 978.00,2026.01.23 10:00:01,4 942.83,- 3.50,0.00,- 510.00
2026.01.23 09:00:11,1424690255,XAUUSD,buy,0.5,4 952.92,4 943.00,4 978.10,2026.01.23 10:00:01,4 942.83,- 3.50,0.00,- 504.50
2026.01.23 16:40:10,1425517811,XAUUSD,buy,0.46,4 944.81,4 933.50,4 971.79,2026.01.23 18:09:47,4 971.81,- 3.22,0.00,1 242.00
2026.01.23 16:40:10,1425517826,XAUUSD,buy,0.44,4 945.25,4 933.50,4 973.43,2026.01.23 18:09:49,4 973.72,- 3.08,0.00,1 252.68
2026.01.23 23:20:09,1426364991,XAUUSD,sell,0.77,4 979.52,4 986.00,4 963.32,2026.01.23 23:53:00,4 986.02,- 5.40,0.00,- 500.50
2026.01.23 23:20:10,1426365000,XAUUSD,sell,0.77,4 979.52,4 986.00,4 963.32,2026.01.23 23:53:00,4 986.02,- 5.40,0.00,- 500.50
2026.01.26 02:00:09,1427159507,XAUUSD,buy,0.51,5 039.77,5 030.00,5 064.62,2026.01.26 03:01:50,5 029.52,- 3.58,0.00,- 522.75
2026.01.26 02:00:09,1427159542,XAUUSD,buy,0.51,5 039.99,5 030.00,5 064.20,2026.01.26 03:01:50,5 029.52,- 3.58,0.00,- 533.97
2026.01.26 03:20:09,1427305470,XAUUSD,buy,0.44,5 062.90,5 051.50,5 091.68,2026.01.26 04:31:05,5 091.88,- 3.08,0.00,1 275.12
2026.01.26 03:40:09,1427350901,XAUUSD,buy,0.62,5 077.04,5 069.00,5 097.21,2026.01.26 03:51:40,5 068.97,- 4.34,0.00,- 500.34
2026.01.26 03:40:10,1427350913,XAUUSD,buy,0.62,5 077.08,5 069.00,5 097.14,2026.01.26 03:51:40,5 068.97,- 4.34,0.00,- 502.82
2026.01.26 04:20:09,1427422205,XAUUSD,buy,0.39,5 077.50,5 065.00,5 109.52,2026.01.26 06:32:33,5 065.22,- 2.74,0.00,- 478.92
2026.01.26 04:20:09,1427422211,XAUUSD,buy,0.4,5 077.44,5 065.00,5 108.75,2026.01.26 06:32:33,5 065.22,- 2.80,0.00,- 488.80
2026.01.26 08:20:09,1427774385,XAUUSD,sell,0.64,5 070.51,5 078.50,5 051.13,2026.01.26 08:32:30,5 079.10,- 4.48,0.00,- 549.76
2026.01.26 08:20:10,1427774391,XAUUSD,sell,0.63,5 070.49,5 078.50,5 050.60,2026.01.26 08:32:30,5 079.10,- 4.42,0.00,- 542.43
2026.01.26 08:20:10,1427774397,XAUUSD,sell,0.62,5 070.51,5 078.50,5 050.46,2026.01.26 08:32:30,5 079.10,- 4.34,0.00,- 532.58
2026.01.26 11:00:10,1428053334,XAUUSD,sell,0.35,5 086.16,5 100.50,5 050.35,2026.01.26 14:00:10,5 090.26,- 2.46,0.00,- 143.50
2026.01.26 11:00:10,1428053392,XAUUSD,sell,0.35,5 086.20,5 100.50,5 050.31,2026.01.26 14:00:10,5 090.28,- 2.46,0.00,- 142.80
2026.01.26 11:00:10,1428053449,XAUUSD,sell,0.35,5 086.16,5 100.50,5 050.45,2026.01.26 14:00:11,5 090.44,- 2.46,0.00,- 149.80
2026.01.26 14:40:10,1428415875,XAUUSD,sell,2.29,5 085.32,5 087.50,5 079.87,2026.01.26 14:41:03,5 087.76,- 16.04,0.00,- 558.76
2026.01.26 16:40:09,1428748442,XAUUSD,buy,0.57,5 090.92,5 082.00,5 112.49,2026.01.26 16:41:47,5 081.96,- 4.00,0.00,- 510.72
2026.01.26 17:00:10,1428822940,XAUUSD,sell,0.78,5 095.32,5 102.00,5 079.60,2026.01.26 17:34:48,5 079.17,- 5.46,0.00,1 259.70
2026.01.26 17:20:10,1428890454,XAUUSD,sell,0.4,5 089.59,5 102.00,5 058.57,2026.01.26 18:04:18,5 102.08,- 2.80,0.00,- 499.60
2026.01.26 17:20:10,1428890488,XAUUSD,sell,0.4,5 089.61,5 102.00,5 058.57,2026.01.26 18:04:18,5 102.08,- 2.80,0.00,- 498.80
2026.01.26 17:40:09,1428962570,XAUUSD,sell,0.23,5 080.60,5 102.00,5 027.24,2026.01.26 18:04:18,5 102.08,- 1.62,0.00,- 494.04
2026.01.26 18:20:10,1429089257,XAUUSD,sell,1.03,5 097.10,5 102.00,5 084.95,2026.01.26 18:27:56,5 084.76,- 7.22,0.00,1 271.02
2026.01.26 18:20:10,1429089281,XAUUSD,sell,1.06,5 097.31,5 102.00,5 085.55,2026.01.26 18:27:56,5 084.76,- 7.42,0.00,1 330.30
2026.01.26 18:40:10,1429155842,XAUUSD,sell,0.23,5 069.00,5 090.50,5 015.29,2026.01.26 18:55:36,5 090.35,- 1.62,0.00,- 491.05
2026.01.26 18:40:10,1429155853,XAUUSD,sell,0.23,5 068.86,5 090.50,5 015.25,2026.01.26 18:55:36,5 090.35,- 1.62,0.00,- 494.27
2026.01.26 19:00:10,1429205817,XAUUSD,buy,0.18,5 090.48,5 062.00,5 161.57,2026.01.26 20:41:39,5 061.73,- 1.26,0.00,- 517.50
2026.01.26 19:00:12,1429205858,XAUUSD,buy,0.18,5 090.59,5 062.00,5 161.68,2026.01.26 20:41:39,5 061.73,- 1.26,0.00,- 519.48
2026.01.26 19:00:13,1429206042,XAUUSD,buy,0.17,5 091.19,5 062.00,5 164.80,2026.01.26 20:41:39,5 061.73,- 1.20,0.00,- 500.82
2026.01.26 21:00:09,1429495155,XAUUSD,buy,1.11,5 066.42,5 062.00,5 077.79,2026.01.26 21:01:28,5 061.74,- 7.78,0.00,- 519.48
2026.01.26 21:00:11,1429495226,XAUUSD,buy,1.13,5 066.79,5 062.00,5 077.47,2026.01.26 21:01:28,5 061.74,- 7.92,0.00,- 570.65
2026.01.26 23:20:11,1429854620,XAUUSD,sell,0.14,5 028.66,5 064.50,4 938.15,2026.01.27 02:20:09,5 050.24,- 0.98, 7.37,- 302.12
2026.01.26 23:20:11,1429854678,XAUUSD,sell,0.14,5 028.13,5 064.50,4 936.40,2026.01.27 02:20:09,5 050.21,- 0.98, 7.37,- 309.12
2026.01.26 23:20:11,1429854695,XAUUSD,sell,0.14,5 028.11,5 064.50,4 937.20,2026.01.27 02:20:10,5 050.24,- 0.98, 7.37,- 309.82
2026.01.27 09:20:09,1430678245,XAUUSD,sell,0.47,5 086.24,5 097.00,5 059.51,2026.01.27 09:32:22,5 096.83,- 3.30,0.00,- 497.73
2026.01.27 09:20:10,1430678260,XAUUSD,sell,0.46,5 086.23,5 097.00,5 059.30,2026.01.27 09:32:22,5 096.83,- 3.22,0.00,- 487.60
2026.01.27 11:40:10,1430901333,XAUUSD,buy,0.53,5 092.26,5 083.00,5 115.76,2026.01.27 11:46:04,5 083.10,- 3.72,0.00,- 485.48
2026.01.27 11:40:10,1430901349,XAUUSD,buy,0.54,5 092.33,5 083.00,5 115.48,2026.01.27 11:46:04,5 083.10,- 3.78,0.00,- 498.42
2026.01.27 11:40:11,1430901362,XAUUSD,buy,0.54,5 092.31,5 083.00,5 115.59,2026.01.27 11:46:04,5 083.10,- 3.78,0.00,- 497.34
2026.01.27 12:40:10,1431012167,XAUUSD,buy,0.7,5 089.21,5 082.00,5 107.10,2026.01.27 12:46:48,5 081.98,- 4.90,0.00,- 506.10
2026.01.27 13:00:10,1431037803,XAUUSD,sell,2.23,5 086.26,5 088.50,5 080.66,2026.01.27 13:09:09,5 089.14,- 15.62,0.00,- 642.24
2026.01.27 13:00:10,1431037826,XAUUSD,sell,2.23,5 086.28,5 088.50,5 080.66,2026.01.27 13:09:09,5 089.14,- 15.62,0.00,- 637.78
2026.01.27 14:40:10,1431200378,XAUUSD,buy,3.13,5 086.16,5 084.50,5 090.10,2026.01.27 14:42:56,5 090.11,- 21.92,0.00,1 236.35
2026.01.27 16:20:09,1431440104,XAUUSD,sell,0.17,5 055.86,5 086.00,4 981.49,2026.01.27 17:38:31,5 086.90,- 1.20,0.00,- 527.68
2026.01.27 16:20:10,1431440122,XAUUSD,sell,0.17,5 055.50,5 086.00,4 980.51,2026.01.27 17:38:31,5 086.90,- 1.20,0.00,- 533.80
2026.01.27 16:20:11,1431440155,XAUUSD,sell,0.16,5 055.30,5 086.00,4 979.25,2026.01.27 17:38:31,5 086.90,- 1.12,0.00,- 505.60
2026.01.27 18:40:19,1431901904,XAUUSD,sell,0.35,5 091.98,5 106.00,5 056.16,2026.01.27 21:40:17,5 091.06,- 2.46,0.00, 32.20
2026.01.27 18:40:20,1431901930,XAUUSD,sell,0.36,5 091.58,5 106.00,5 056.93,2026.01.27 21:40:18,5 091.09,- 2.52,0.00, 17.64
2026.01.27 20:20:10,1432144121,XAUUSD,buy,0.63,5 082.39,5 074.50,5 102.29,2026.01.27 22:03:01,5 103.61,- 4.42,0.00,1 336.86
2026.01.27 22:20:10,1432376390,XAUUSD,buy,0.14,5 140.39,5 105.50,5 227.30,2026.01.28 01:20:09,5 166.79,- 0.98,- 8.60, 369.60
2026.01.27 22:20:11,1432376471,XAUUSD,buy,0.14,5 142.39,5 105.50,5 227.62,2026.01.28 01:20:10,5 167.09,- 0.98,- 8.60, 345.80
2026.01.28 01:20:09,1432690324,XAUUSD,sell,0.33,5 167.17,5 182.00,5 128.76,2026.01.28 03:03:29,5 182.39,- 2.32,0.00,- 502.26
2026.01.28 01:20:10,1432690335,XAUUSD,sell,0.34,5 167.08,5 182.00,5 129.82,2026.01.28 03:03:29,5 182.39,- 2.38,0.00,- 520.54
2026.01.28 02:00:10,1432748114,XAUUSD,buy,0.36,5 173.20,5 159.00,5 208.10,2026.01.28 02:05:11,5 158.78,- 2.52,0.00,- 519.12
2026.01.28 03:20:09,1432888394,XAUUSD,buy,0.99,5 184.14,5 179.00,5 196.71,2026.01.28 03:36:52,5 196.77,- 6.94,0.00,1 250.37
2026.01.28 03:20:10,1432888421,XAUUSD,buy,0.97,5 183.98,5 179.00,5 196.99,2026.01.28 03:36:52,5 196.77,- 6.80,0.00,1 240.63
2026.01.28 03:40:10,1432928410,XAUUSD,buy,0.67,5 201.89,5 194.00,5 220.21,2026.01.28 03:45:29,5 220.26,- 4.70,0.00,1 230.79
2026.01.28 04:40:10,1433042903,XAUUSD,buy,1.44,5 222.81,5 219.00,5 231.15,2026.01.28 04:54:07,5 231.10,- 10.08,0.00,1 193.76
2026.01.28 04:40:10,1433042916,XAUUSD,buy,1.31,5 222.60,5 219.00,5 232.34,2026.01.28 04:54:48,5 232.42,- 9.18,0.00,1 286.42
2026.01.28 05:20:09,1433107626,XAUUSD,buy,5.49,5 239.90,5 239.00,5 242.18,2026.01.28 05:20:31,5 242.85,- 38.44,0.00,1 619.55
2026.01.28 07:40:10,1433318671,XAUUSD,buy,17.86,5 259.47,5 259.00,5 259.98,2026.01.28 07:40:12,5 260.75,- 125.02,0.00,2 286.08
2026.01.28 08:00:10,1433352009,XAUUSD,buy,31.25,5 261.22,5 261.00,5 261.56,2026.01.28 08:00:13,5 261.20,- 218.76,0.00,- 62.50
2026.01.28 08:00:10,1433352046,XAUUSD,buy,22.73,5 261.22,5 261.00,5 261.77,2026.01.28 08:00:18,5 261.95,- 159.12,0.00,1 659.29
2026.01.28 09:00:10,1433442406,XAUUSD,buy,0.23,5 268.55,5 247.00,5 322.81,2026.01.28 12:00:10,5 279.13,- 1.62,0.00, 243.34
2026.01.28 09:00:10,1433443338,XAUUSD,buy,0.23,5 268.54,5 247.00,5 322.04,2026.01.28 12:00:10,5 279.13,- 1.62,0.00, 243.57
2026.01.28 10:20:10,1433603529,XAUUSD,sell,1.53,5 291.92,5 296.00,5 284.59,2026.01.28 10:25:52,5 296.00,- 10.72,0.00,- 624.24
2026.01.28 12:40:10,1433888672,XAUUSD,buy,1.56,5 272.41,5 269.00,5 280.24,2026.01.28 12:54:56,5 280.42,- 10.92,0.00,1 249.56
2026.01.28 14:20:10,1434093312,XAUUSD,buy,0.46,5 261.32,5 250.50,5 288.34,2026.01.28 15:04:26,5 288.67,- 3.22,0.00,1 258.10
2026.01.28 14:20:10,1434093329,XAUUSD,buy,0.46,5 261.59,5 250.50,5 288.37,2026.01.28 15:04:26,5 288.40,- 3.22,0.00,1 233.26
2026.01.28 15:00:10,1434165213,XAUUSD,buy,0.24,5 278.06,5 257.50,5 329.11,2026.01.28 15:45:16,5 257.32,- 1.68,0.00,- 497.76
2026.01.28 22:40:09,1435527699,XAUUSD,buy,0.16,5 379.59,5 349.00,5 456.76,2026.01.29 01:08:32,5 456.14,- 1.12,- 30.93,1 224.80
2026.01.28 22:40:10,1435527766,XAUUSD,buy,0.16,5 380.00,5 349.00,5 456.07,2026.01.29 01:08:31,5 456.02,- 1.12,- 30.93,1 216.32
2026.01.28 23:00:09,1435588134,XAUUSD,buy,1.36,5 382.40,5 379.00,5 391.85,2026.01.28 23:06:51,5 391.26,- 9.52,0.00,1 204.96
2026.01.29 01:20:09,1435752452,XAUUSD,buy,0.07,5 492.86,5 424.00,5 663.37,2026.01.29 04:20:09,5 516.78,- 0.50,0.00, 167.44
2026.01.29 01:20:10,1435752473,XAUUSD,buy,0.07,5 492.51,5 424.00,5 665.15,2026.01.29 04:20:10,5 517.00,- 0.50,0.00, 171.43
2026.01.29 01:40:10,1435829672,XAUUSD,buy,0.06,5 579.11,5 499.00,5 776.20,2026.01.29 01:49:43,5 498.45,- 0.42,0.00,- 483.96
2026.01.29 06:40:10,1436456742,XAUUSD,buy,0.16,5 561.47,5 529.50,5 641.22,2026.01.29 07:21:41,5 529.00,- 1.12,0.00,- 519.52
2026.01.29 06:40:10,1436456749,XAUUSD,buy,0.16,5 561.43,5 529.50,5 641.40,2026.01.29 07:21:41,5 529.00,- 1.12,0.00,- 518.88
2026.01.29 06:40:10,1436456755,XAUUSD,buy,0.16,5 561.60,5 529.50,5 641.26,2026.01.29 07:21:41,5 529.00,- 1.12,0.00,- 521.60
2026.01.29 07:40:10,1436553501,XAUUSD,buy,0.38,5 554.49,5 541.50,5 587.07,2026.01.29 08:05:40,5 587.58,- 2.66,0.00,1 257.42
2026.01.29 07:40:10,1436553509,XAUUSD,buy,0.38,5 554.49,5 541.50,5 586.96,2026.01.29 08:05:40,5 587.58,- 2.66,0.00,1 257.42
2026.01.29 10:00:09,1436822186,XAUUSD,buy,0.59,5 548.44,5 540.00,5 569.47,2026.01.29 10:04:25,5 539.94,- 4.14,0.00,- 501.50
2026.01.29 11:00:10,1436990699,XAUUSD,buy,3.23,5 510.82,5 509.00,5 514.43,2026.01.29 11:00:34,5 508.62,- 22.62,0.00,- 710.60
2026.01.29 11:00:11,1436990730,XAUUSD,buy,3.23,5 510.49,5 509.00,5 514.43,2026.01.29 11:00:34,5 508.62,- 22.62,0.00,- 604.01
2026.01.29 12:00:10,1437108061,XAUUSD,buy,1.75,5 513.78,5 511.00,5 521.01,2026.01.29 12:00:36,5 510.55,- 12.26,0.00,- 565.25
2026.01.29 14:40:10,1437449815,XAUUSD,sell,0.55,5 531.94,5 541.00,5 508.94,2026.01.29 14:54:30,5 541.70,- 3.86,0.00,- 536.80
2026.01.29 15:00:10,1437496286,XAUUSD,sell,1.22,5 531.49,5 534.50,5 520.18,2026.01.29 15:00:17,5 534.76,- 8.54,0.00,- 398.94
2026.01.29 15:20:10,1437555597,XAUUSD,sell,0.15,5 509.61,5 544.50,5 428.20,2026.01.29 16:27:24,5 544.50,- 1.06,0.00,- 523.35
2026.01.29 15:20:11,1437555943,XAUUSD,sell,0.14,5 509.67,5 544.50,5 422.38,2026.01.29 16:27:24,5 544.50,- 0.98,0.00,- 487.62
2026.01.29 15:20:12,1437556025,XAUUSD,sell,0.14,5 509.38,5 544.50,5 422.60,2026.01.29 16:27:24,5 544.50,- 0.98,0.00,- 491.68
2026.01.29 17:00:10,1437933689,XAUUSD,sell,0.09,5 483.47,5 539.50,5 345.46,2026.01.29 17:16:17,5 344.16,- 0.64,0.00,1 253.79
2026.01.29 17:00:10,1437933770,XAUUSD,sell,0.09,5 484.78,5 539.50,5 342.84,2026.01.29 17:16:18,5 336.68,- 0.64,0.00,1 332.90
2026.01.29 17:00:11,1437933893,XAUUSD,sell,0.09,5 485.24,5 539.50,5 347.98,2026.01.29 17:15:36,5 350.34,- 0.64,0.00,1 214.10
2026.01.29 17:20:10,1438103169,XAUUSD,sell,0.03,5 330.40,5 508.50,4 878.22,2026.01.29 20:20:09,5 354.17,- 0.22,0.00,- 71.31
2026.01.29 17:20:12,1438103232,XAUUSD,sell,0.03,5 324.55,5 508.50,4 885.15,2026.01.29 20:20:09,5 354.30,- 0.22,0.00,- 89.25
2026.01.29 17:20:12,1438103399,XAUUSD,sell,0.03,5 324.93,5 508.50,4 867.23,2026.01.29 20:20:10,5 354.48,- 0.22,0.00,- 88.65
2026.01.29 20:40:09,1438936269,XAUUSD,sell,0.7,5 355.75,5 363.00,5 337.90,2026.01.29 20:43:00,5 337.74,- 4.90,0.00,1 260.70
2026.01.29 21:00:15,1438987597,XAUUSD,sell,0.21,5 331.41,5 357.50,5 272.24,2026.01.29 22:44:07,5 358.04,- 1.48,0.00,- 559.23
2026.01.29 21:00:16,1438987890,XAUUSD,sell,0.2,5 331.99,5 357.50,5 268.04,2026.01.29 22:44:07,5 358.04,- 1.40,0.00,- 521.00
2026.01.29 21:20:10,1439047020,XAUUSD,sell,0.16,5 320.78,5 350.50,5 243.54,2026.01.29 22:42:14,5 350.57,- 1.12,0.00,- 476.64
2026.01.29 23:20:10,1439323702,XAUUSD,sell,2.02,5 395.03,5 397.50,5 388.85,2026.01.29 23:22:57,5 397.67,- 14.14,0.00,- 533.28
2026.01.29 23:20:11,1439323746,XAUUSD,sell,2.02,5 395.27,5 397.50,5 388.85,2026.01.29 23:22:57,5 397.67,- 14.14,0.00,- 484.80
2026.01.30 02:40:09,1439588552,XAUUSD,sell,0.18,5 425.04,5 453.00,5 355.21,2026.01.30 03:11:12,5 354.86,- 1.26,0.00,1 263.24
2026.01.30 02:40:09,1439588569,XAUUSD,sell,0.18,5 425.04,5 453.00,5 355.14,2026.01.30 03:11:12,5 354.86,- 1.26,0.00,1 263.24
2026.01.30 02:40:13,1439588578,XAUUSD,sell,0.18,5 425.22,5 453.00,5 355.14,2026.01.30 03:11:12,5 354.86,- 1.26,0.00,1 266.48
2026.01.30 03:20:09,1439685579,XAUUSD,sell,0.06,5 337.33,5 416.50,5 138.95,2026.01.30 04:21:17,5 138.32,- 0.42,0.00,1 194.06
2026.01.30 03:20:09,1439685612,XAUUSD,sell,0.06,5 337.45,5 416.50,5 139.40,2026.01.30 04:21:17,5 138.32,- 0.42,0.00,1 194.78
2026.01.30 03:20:11,1439685633,XAUUSD,sell,0.06,5 337.82,5 416.50,5 139.82,2026.01.30 04:21:17,5 138.32,- 0.42,0.00,1 197.00
2026.01.30 05:20:09,1440039506,XAUUSD,sell,0.11,5 183.96,5 230.50,5 067.47,2026.01.30 07:16:04,5 230.50,- 0.78,0.00,- 511.94
2026.01.30 05:20:10,1440039520,XAUUSD,sell,0.11,5 183.94,5 230.50,5 067.61,2026.01.30 07:16:04,5 230.50,- 0.78,0.00,- 512.16
2026.01.30 05:20:10,1440039545,XAUUSD,sell,0.11,5 185.50,5 230.50,5 069.60,2026.01.30 07:16:04,5 230.50,- 0.78,0.00,- 495.00
2026.01.30 07:40:09,1440281447,XAUUSD,sell,0.39,5 229.90,5 243.50,5 198.77,2026.01.30 07:57:22,5 198.89,- 2.74,0.00,1 209.39
2026.01.30 07:40:09,1440281472,XAUUSD,sell,0.37,5 230.12,5 243.50,5 195.90,2026.01.30 07:58:18,5 195.92,- 2.60,0.00,1 265.40
2026.01.30 08:00:09,1440319876,XAUUSD,sell,0.09,5 182.82,5 237.50,5 046.40,2026.01.30 11:00:10,5 121.89,- 0.64,0.00, 548.37
2026.01.30 08:00:09,1440319903,XAUUSD,sell,0.09,5 181.80,5 237.50,5 046.12,2026.01.30 11:00:35,5 121.42,- 0.64,0.00, 543.42
2026.01.30 08:00:10,1440319950,XAUUSD,sell,0.09,5 181.71,5 237.50,5 042.55,2026.01.30 11:00:36,5 121.31,- 0.64,0.00, 543.60
2026.01.30 11:20:09,1440856776,XAUUSD,sell,0.09,5 064.64,5 123.00,4 918.39,2026.01.30 13:13:06,5 125.09,- 0.64,0.00,- 544.05
2026.01.30 11:20:10,1440856796,XAUUSD,sell,0.09,5 064.62,5 123.00,4 918.74,2026.01.30 13:13:06,5 125.09,- 0.64,0.00,- 544.23
2026.01.30 11:40:10,1440922199,XAUUSD,sell,0.11,5 029.12,5 073.00,4 919.63,2026.01.30 12:26:47,5 074.43,- 0.78,0.00,- 498.41
2026.01.30 19:40:10,1442583785,XAUUSD,sell,0.46,4 890.18,4 901.00,4 863.16,2026.01.30 19:43:45,4 860.71,- 3.22,0.00,1 355.62
2026.02.02 01:20:11,1444467459,XAUUSD,sell,0.03,4 714.53,4 901.00,4 244.19,2026.02.02 04:20:09,4 732.87,- 0.22,0.00,- 55.02
2026.02.02 01:20:12,1444467514,XAUUSD,sell,0.03,4 714.26,4 901.00,4 248.35,2026.02.02 04:20:10,4 733.06,- 0.22,0.00,- 56.40
2026.02.02 01:40:09,1444520779,XAUUSD,buy,0.09,4 779.11,4 723.50,4 917.19,2026.02.02 01:47:43,4 723.47,- 0.64,0.00,- 500.76
2026.02.02 09:00:09,1445795489,XAUUSD,buy,0.05,4 504.25,4 393.00,4 781.12,2026.02.02 12:00:09,4 713.57,- 0.36,0.00,1 046.60
2026.02.02 09:00:09,1445795538,XAUUSD,buy,0.04,4 504.29,4 393.00,4 782.38,2026.02.02 12:00:10,4 713.48,- 0.28,0.00, 836.76
2026.02.02 09:00:10,1445795607,XAUUSD,buy,0.04,4 504.10,4 393.00,4 782.51,2026.02.02 12:00:10,4 713.50,- 0.28,0.00, 837.60
2026.02.03 10:40:10,1449720691,XAUUSD,buy,2.94,4 933.70,4 932.00,4 937.95,2026.02.03 10:40:35,4 938.14,- 20.58,0.00,1 305.36
2026.02.03 10:40:10,1449720694,XAUUSD,buy,2.94,4 933.85,4 932.00,4 937.95,2026.02.03 10:40:35,4 938.14,- 20.58,0.00,1 261.26
2026.02.03 11:40:09,1449852241,XAUUSD,buy,0.23,4 915.42,4 894.00,4 968.97,2026.02.03 13:02:26,4 893.88,- 1.62,0.00,- 495.42
2026.02.03 11:40:10,1449852263,XAUUSD,buy,0.23,4 915.35,4 894.00,4 968.97,2026.02.03 13:02:26,4 893.88,- 1.62,0.00,- 493.81
2026.02.03 12:00:10,1449894604,XAUUSD,buy,0.46,4 916.97,4 906.00,4 944.40,2026.02.03 12:58:16,4 905.98,- 3.22,0.00,- 505.54
2026.02.03 18:20:10,1450968512,XAUUSD,buy,0.11,4 968.42,4 922.50,5 081.47,2026.02.03 19:42:14,4 922.66,- 0.78,0.00,- 503.36
2026.02.03 18:20:10,1450968553,XAUUSD,buy,0.11,4 968.38,4 922.50,5 083.22,2026.02.03 19:42:14,4 922.66,- 0.78,0.00,- 502.92
2026.02.03 18:20:11,1450968579,XAUUSD,buy,0.11,4 967.98,4 922.50,5 083.08,2026.02.03 19:42:14,4 922.66,- 0.78,0.00,- 498.52
2026.02.03 21:40:10,1451658761,XAUUSD,buy,0.23,4 938.17,4 917.00,4 993.40,2026.02.03 22:01:15,4 916.86,- 1.62,0.00,- 490.13
2026.02.03 21:40:10,1451658813,XAUUSD,buy,0.24,4 938.36,4 917.00,4 991.10,2026.02.03 22:01:15,4 916.86,- 1.68,0.00,- 516.00
2026.02.03 21:40:11,1451658840,XAUUSD,buy,0.23,4 938.39,4 917.00,4 991.76,2026.02.03 22:01:15,4 916.86,- 1.62,0.00,- 495.19
2026.02.04 13:20:09,1453396568,XAUUSD,sell,0.33,5 029.86,5 045.00,4 991.38,2026.02.04 13:53:31,5 045.19,- 2.32,0.00,- 505.89
